id,nombre,apellido,email,genero,profesion,nacionalidad,usuario

1 - Maurita - Feander- mfeander0@telegraph.co.uk- F- Research Nurse- Somali- mfeander0
2 - Farrell - Fursse- ffursse1@tmall.com- M- Safety Technician III- Tajik- ffursse1
3 - Maxy - Bonnell- mbonnell2@google.fr- M- Analog Circuit Design manager- Swati- mbonnell2
4 - Mavra - Swanwick- mswanwick3@mashable.com- F- GIS Technical Architect- Malagasy- mswanwick3
5 - Rafi - Sammons- rsammons4@sciencedirect.com- M- Budget/Accounting Analyst II- French- rsammons4
6 - Dieter - Manifield- dmanifield5@apache.org- M- Chief Design Engineer- Thai- dmanifield5
7 - Kimberley - Siseland- ksiseland6@sakura.ne.jp- F- VP Product Management- Kurdish- ksiseland6
8 - Carroll - McCole- cmccole7@ustream.tv- M- Internal Auditor- Armenian- cmccole7
9 - Fremont - Wyne- fwyne8@51.la- M- Staff Accountant I- Greek- fwyne8
10 - Brynn - Finkle- bfinkle9@fema.gov- F- Assistant Professor- Malagasy- bfinkle9
11 - Carolin - Anney- canneya@networkadvertising.org- F- Professor- Korean- canneya
12 - Dannye - McKinney- dmckinneyb@myspace.com- F- Programmer Analyst I- Khmer- dmckinneyb
13 - Klarika - Daelman- kdaelmanc@blogger.com- F- Research Associate- Latvian- kdaelmanc
14 - Trula - Fines- tfinesd@salon.com- F- Compensation Analyst- German- tfinesd
15 - Rayna - Mayfield- rmayfielde@bloglovin.com- F- Assistant Manager- Belarusian- rmayfielde
16 - Reta - Hunting- rhuntingf@jiathis.com- F- Geological Engineer- Arabic- rhuntingf
17 - Garrard - Hemphall- ghemphallg@ning.com- M- Chemical Engineer- Estonian- ghemphallg
18 - Felita - Farquharson- ffarquharsonh@china.com.cn- F- Tax Accountant- Kurdish- ffarquharsonh
19 - Teodor - Measom- tmeasomi@cnet.com- M- Structural Analysis Engineer- Irish Gaelic- tmeasomi
20 - Bartholomeo - Seares- bsearesj@mapy.cz- M- Assistant Manager- West Frisian- bsearesj
21 - Karel - Kimbly- kkimblyk@google.cn- F- Software Engineer II- Ndebele- kkimblyk
22 - Haroun - O'Fergus- hofergusl@vkontakte.ru- M- Associate Professor- New Zealand Sign Language- hofergusl
23 - Garrik - Fanton- gfantonm@bloglines.com- M- Civil Engineer- Swati- gfantonm
24 - Ethelbert - Benedit- ebeneditn@youtube.com- M- Editor- Kyrgyz- ebeneditn
25 - Felix - Hegg- fheggo@lycos.com- M- Computer Systems Analyst IV- Kurdish- fheggo
26 - Orelie - Tiffney- otiffneyp@spotify.com- F- Compensation Analyst- Catalan- otiffneyp
27 - Jorgan - Richemond- jrichemondq@ycombinator.com- M- General Manager- Assamese- jrichemondq
28 - Adelle - Sciacovelli- asciacovellir@apache.org- F- Marketing Assistant- Tsonga- asciacovellir
29 - Dalia - Diwell- ddiwells@state.gov- F- Product Engineer- Lithuanian- ddiwells
30 - Hannis - Merrington- hmerringtont@reuters.com- F- Analyst Programmer- Albanian- hmerringtont
31 - Brew - Gabbitus- bgabbitusu@constantcontact.com- M- Recruiter- Khmer- bgabbitusu
32 - Charla - MacCrachen- cmaccrachenv@homestead.com- F- Assistant Manager- Latvian- cmaccrachenv
33 - Paddy - Sibary- psibaryw@nifty.com- M- Associate Professor- Fijian- psibaryw
34 - Millard - Tadman- mtadmanx@aol.com- M- Nurse- Ndebele- mtadmanx
35 - Mab - Frie- mfriey@jimdo.com- F- Software Consultant- English- mfriey
36 - Bevan - McTerrelly- bmcterrellyz@goo.ne.jp- M- Administrative Officer- Tok Pisin- bmcterrellyz
37 - Reggie - Dovinson- rdovinson10@harvard.edu- M- Research Assistant III- Indonesian- rdovinson10
38 - Katheryn - Iacovides- kiacovides11@shinystat.com- F- Professor- Dzongkha- kiacovides11
39 - Imelda - Yarnell- iyarnell12@zdnet.com- F- Human Resources Assistant II- Malagasy- iyarnell12
40 - Octavia - Inkpin- oinkpin13@webs.com- F- Systems Administrator II- Mongolian- oinkpin13
41 - Bryana - Pochet- bpochet14@cbc.ca- F- Executive Secretary- Azeri- bpochet14
42 - Jarret - Giovanitti- jgiovanitti15@sina.com.cn- M- Nurse- Gujarati- jgiovanitti15
43 - Casar - Dutton- cdutton16@google.co.jp- M- Desktop Support Technician- Kurdish- cdutton16
44 - Filip - Boak- fboak17@abc.net.au- M- Accountant II- Lao- fboak17
45 - Bent - Ludwikiewicz- bludwikiewicz18@list-manage.com- M- Senior Financial Analyst- Kazakh- bludwikiewicz18
46 - Hillel - Bessell- hbessell19@php.net- M- Paralegal- Malay- hbessell19
47 - Lacey - Lincey- llincey1a@ucoz.com- F- Account Executive- Luxembourgish- llincey1a
48 - Paule - Brodhead- pbrodhead1b@reverbnation.com- F- Librarian- Bosnian- pbrodhead1b
49 - Janifer - Boulsher- jboulsher1c@over-blog.com- F- Sales Associate- Finnish- jboulsher1c
50 - Randi - Galsworthy- rgalsworthy1d@github.io- M- Associate Professor- Danish- rgalsworthy1d
51 - Katharina - Raimbauld- kraimbauld1e@gov.uk- F- Administrative Assistant IV- Greek- kraimbauld1e
52 - Valery - Pridden- vpridden1f@quantcast.com- F- Financial Advisor- Northern Sotho- vpridden1f
53 - Celle - Sykora- csykora1g@noaa.gov- F- Internal Auditor- Pashto- csykora1g
54 - Thom - Paal- tpaal1h@google.ca- M- Structural Analysis Engineer- Dzongkha- tpaal1h
55 - Gris - Duxbury- gduxbury1i@sakura.ne.jp- M- Recruiter- Burmese- gduxbury1i
56 - Forster - Mayberry- fmayberry1j@dailymotion.com- M- Occupational Therapist- Marathi- fmayberry1j
57 - Elvera - Ditty- editty1k@mayoclinic.com- F- Quality Control Specialist- Swati- editty1k
58 - Kev - Tompion- ktompion1l@dmoz.org- M- Programmer Analyst IV- Indonesian- ktompion1l
59 - Sauncho - Polson- spolson1m@google.it- M- Software Test Engineer II- Finnish- spolson1m
60 - Opalina - Cissell- ocissell1n@archive.org- F- Senior Cost Accountant- Latvian- ocissell1n
61 - Mufi - Hewell- mhewell1o@gov.uk- F- Recruiter- Belarusian- mhewell1o
62 - Perren - Dunseith- pdunseith1p@desdev.cn- M- Sales Associate- Dutch- pdunseith1p
63 - Sigismund - Zanussii- szanussii1q@google.fr- M- Actuary- Nepali- szanussii1q
64 - Brianne - Beckenham- bbeckenham1r@timesonline.co.uk- F- Registered Nurse- Czech- bbeckenham1r
65 - Wylie - Simcock- wsimcock1s@icq.com- M- Physical Therapy Assistant- Moldovan- wsimcock1s
66 - Carson - Mould- cmould1t@eepurl.com- M- Financial Advisor- Papiamento- cmould1t
67 - Des - Brunotti- dbrunotti1u@cisco.com- M- Analyst Programmer- Khmer- dbrunotti1u
68 - Willdon - Haggarth- whaggarth1v@state.tx.us- M- Human Resources Assistant I- West Frisian- whaggarth1v
69 - Curt - Leghorn- cleghorn1w@macromedia.com- M- Research Associate- Kyrgyz- cleghorn1w
70 - Cecily - Gownge- cgownge1x@businessinsider.com- F- Sales Representative- Guaraní- cgownge1x
71 - Stillman - Adne- sadne1y@unicef.org- M- Recruiting Manager- Bulgarian- sadne1y
72 - Pip - Briatt- pbriatt1z@cpanel.net- M- Paralegal- Romanian- pbriatt1z
73 - Beltran - Lepper- blepper20@t.co- M- Biostatistician I- Hiri Motu- blepper20
74 - Layla - Fulham- lfulham21@phpbb.com- F- Project Manager- Māori- lfulham21
75 - Darn - Fortun- dfortun22@ca.gov- M- Executive Secretary- Portuguese- dfortun22
76 - Linea - Swinden- lswinden23@last.fm- F- Assistant Manager- Maltese- lswinden23
77 - Glennis - Oglevie- goglevie24@xing.com- F- VP Accounting- Burmese- goglevie24
78 - Ced - Aronstam- caronstam25@harvard.edu- M- Senior Quality Engineer- Telugu- caronstam25
79 - Konstantine - Hewins- khewins26@rediff.com- M- Pharmacist- Gagauz- khewins26
80 - Stacy - Goater- sgoater27@netvibes.com- F- Analyst Programmer- Aymara- sgoater27
81 - Tally - Awton- tawton28@berkeley.edu- F- Data Coordiator- Spanish- tawton28
82 - Sherry - Huchot- shuchot29@cmu.edu- F- Research Assistant III- Khmer- shuchot29
83 - Kurt - Chapling- kchapling2a@ucsd.edu- M- Software Engineer III- Armenian- kchapling2a
84 - Katharyn - McNern- kmcnern2b@acquirethisname.com- F- Database Administrator III- New Zealand Sign Language- kmcnern2b
85 - Else - Hatherley- ehatherley2c@skype.com- F- VP Accounting- Greek- ehatherley2c
86 - Yorker - Steckings- ysteckings2d@ebay.com- M- VP Accounting- Persian- ysteckings2d
87 - Terri-jo - Nunns- tnunns2e@geocities.com- F- Sales Representative- Moldovan- tnunns2e
88 - Matthiew - Redolfi- mredolfi2f@blogspot.com- M- Staff Accountant IV- Chinese- mredolfi2f
89 - Emlyn - Chrystie- echrystie2g@examiner.com- M- Actuary- Italian- echrystie2g
90 - Alejoa - Lunk- alunk2h@wiley.com- M- Business Systems Development Analyst- Amharic- alunk2h
91 - Antonin - Slaney- aslaney2i@simplemachines.org- M- Payment Adjustment Coordinator- Ndebele- aslaney2i
92 - Cathrin - Delepine- cdelepine2j@apache.org- F- Staff Accountant III- Pashto- cdelepine2j
93 - Zolly - Ivimey- zivimey2k@weebly.com- M- Account Representative I- Hungarian- zivimey2k
94 - Kayla - Sartin- ksartin2l@weebly.com- F- Analog Circuit Design manager- Indonesian- ksartin2l
95 - Celestina - Pickerill- cpickerill2m@nymag.com- F- Marketing Assistant- Tamil- cpickerill2m
96 - Michael - Sleit- msleit2n@google.co.uk- M- Research Associate- Malay- msleit2n
97 - Cammie - Guilloux- cguilloux2o@ucla.edu- F- Senior Developer- Tok Pisin- cguilloux2o
98 - Rois - Canero- rcanero2p@youku.com- F- Programmer Analyst I- Telugu- rcanero2p
99 - Almira - Linton- alinton2q@deviantart.com- F- Actuary- Malayalam- alinton2q
100 - De witt - Charlesworth- dcharlesworth2r@webmd.com- M- Safety Technician I- Filipino- dcharlesworth2r
101 - Carmine - McIllroy- cmcillroy2s@craigslist.org- F- Assistant Manager- Danish- cmcillroy2s
102 - Laurena - Donisthorpe- ldonisthorpe2t@unesco.org- F- Internal Auditor- Swahili- ldonisthorpe2t
103 - Jolyn - Shanahan- jshanahan2u@sina.com.cn- F- Software Consultant- Papiamento- jshanahan2u
104 - Thayne - Simonnet- tsimonnet2v@ibm.com- M- Accounting Assistant III- Punjabi- tsimonnet2v
105 - Carena - Francklyn- cfrancklyn2w@godaddy.com- F- Software Consultant- Bislama- cfrancklyn2w
106 - Jacklyn - Cawkwell- jcawkwell2x@dailymail.co.uk- F- Chief Design Engineer- Romanian- jcawkwell2x
107 - Rebecka - Botte- rbotte2y@deliciousdays.com- F- VP Marketing- Korean- rbotte2y
108 - Meridith - Dallyn- mdallyn2z@zimbio.com- F- Computer Systems Analyst IV- Swahili- mdallyn2z
109 - Gaston - Abbes- gabbes30@psu.edu- M- Software Engineer II- Pashto- gabbes30
110 - Dukie - Heathcott- dheathcott31@mapy.cz- M- Help Desk Operator- Kazakh- dheathcott31
111 - Rosalia - Youngman- ryoungman32@fema.gov- F- Automation Specialist I- Filipino- ryoungman32
112 - Skipp - Lardeur- slardeur33@hud.gov- M- Environmental Specialist- Kurdish- slardeur33
113 - Gottfried - Sieve- gsieve34@dell.com- M- Technical Writer- Khmer- gsieve34
114 - Jacqui - Tilt- jtilt35@digg.com- F- Sales Representative- Tok Pisin- jtilt35
115 - Ginni - Brockest- gbrockest36@msn.com- F- Director of Sales- Tajik- gbrockest36
116 - Pamelina - Youel- pyouel37@ning.com- F- Registered Nurse- Moldovan- pyouel37
117 - Lorin - Welman- lwelman38@pen.io- M- Quality Engineer- Norwegian- lwelman38
118 - Derwin - Bithany- dbithany39@tamu.edu- M- Senior Sales Associate- Marathi- dbithany39
119 - Aloise - Bodley- abodley3a@statcounter.com- F- Professor- Montenegrin- abodley3a
120 - Brit - Gormally- bgormally3b@opensource.org- F- Analog Circuit Design manager- Pashto- bgormally3b
121 - Dov - Gwyther- dgwyther3c@java.com- M- Recruiting Manager- Oriya- dgwyther3c
122 - Dougy - Americi- damerici3d@independent.co.uk- M- Budget/Accounting Analyst I- West Frisian- damerici3d
123 - Desmond - Wickwar- dwickwar3e@infoseek.co.jp- M- Cost Accountant- Bengali- dwickwar3e
124 - Alysa - Strowan- astrowan3f@wikipedia.org- F- Mechanical Systems Engineer- New Zealand Sign Language- astrowan3f
125 - Giacomo - Iggalden- giggalden3g@e-recht24.de- M- Financial Analyst- Dhivehi- giggalden3g
126 - Vikky - Vassano- vvassano3h@blogs.com- F- Geological Engineer- Czech- vvassano3h
127 - Julia - Prewett- jprewett3i@japanpost.jp- F- Sales Associate- Thai- jprewett3i
128 - Chevalier - Wickstead- cwickstead3j@samsung.com- M- Geologist I- Finnish- cwickstead3j
129 - Zebulon - Capponer- zcapponer3k@yahoo.com- M- Developer IV- Macedonian- zcapponer3k
130 - Ulrika - Grime- ugrime3l@tmall.com- F- Pharmacist- Chinese- ugrime3l
131 - Chariot - Josephoff- cjosephoff3m@ted.com- M- Design Engineer- Quechua- cjosephoff3m
132 - Kailey - Weightman- kweightman3n@w3.org- F- Junior Executive- Tok Pisin- kweightman3n
133 - Olin - Canavan- ocanavan3o@marriott.com- M- Project Manager- Aymara- ocanavan3o
134 - Jerrie - Armfield- jarmfield3p@nymag.com- F- Account Executive- Hebrew- jarmfield3p
135 - Sheila-kathryn - Manjot- smanjot3q@lycos.com- F- Environmental Tech- Bulgarian- smanjot3q
136 - Hobie - Schiesterl- hschiesterl3r@free.fr- M- Analog Circuit Design manager- Yiddish- hschiesterl3r
137 - Mozes - Wozencraft- mwozencraft3s@mozilla.org- M- Technical Writer- Lithuanian- mwozencraft3s
138 - Chloris - De Domenico- cdedomenico3t@cam.ac.uk- F- Teacher- Kazakh- cdedomenico3t
139 - Kristopher - Fredson- kfredson3u@squidoo.com- M- Senior Sales Associate- English- kfredson3u
140 - Isa - McCray- imccray3v@vimeo.com- M- Media Manager II- Khmer- imccray3v
141 - Bruce - Heighton- bheighton3w@google.com.br- M- Marketing Manager- Romanian- bheighton3w
142 - Heriberto - Anstis- hanstis3x@salon.com- M- Programmer III- Tswana- hanstis3x
143 - Lotti - Mattiessen- lmattiessen3y@washington.edu- F- Account Coordinator- Icelandic- lmattiessen3y
144 - Callean - Malan- cmalan3z@discovery.com- M- Physical Therapy Assistant- Fijian- cmalan3z
145 - Christel - Brownhall- cbrownhall40@nsw.gov.au- F- Sales Representative- Hindi- cbrownhall40
146 - Hilly - Schoroder- hschoroder41@live.com- M- Statistician II- Spanish- hschoroder41
147 - Jeddy - Gronno- jgronno42@skype.com- M- Senior Cost Accountant- Hungarian- jgronno42
148 - Tuck - Cockings- tcockings43@foxnews.com- M- VP Marketing- Arabic- tcockings43
149 - Verile - Savory- vsavory44@4shared.com- F- VP Product Management- Filipino- vsavory44
150 - Rochella - Featonby- rfeatonby45@ocn.ne.jp- F- Accounting Assistant III- Quechua- rfeatonby45
151 - Lyell - Kennicott- lkennicott46@yelp.com- M- Accountant II- Tamil- lkennicott46
152 - Alexandre - Pithcock- apithcock47@comcast.net- M- Software Consultant- Somali- apithcock47
153 - Svend - Bedder- sbedder48@booking.com- M- Design Engineer- Dhivehi- sbedder48
154 - Roxy - Heiss- rheiss49@google.de- F- Civil Engineer- Zulu- rheiss49
155 - Henrik - Ingleston- hingleston4a@usatoday.com- M- Developer IV- Malay- hingleston4a
156 - Tripp - Tribe- ttribe4b@ow.ly- M- Health Coach II- Kazakh- ttribe4b
157 - Jacqui - Burgisi- jburgisi4c@flavors.me- F- Junior Executive- Tok Pisin- jburgisi4c
158 - Brendin - Blakemore- bblakemore4d@163.com- M- Executive Secretary- Gagauz- bblakemore4d
159 - Anthea - A'field- aafield4e@jigsy.com- F- Structural Engineer- Croatian- aafield4e
160 - Terrie - Doyle- tdoyle4f@fema.gov- F- Occupational Therapist- Filipino- tdoyle4f
161 - Salomon - Yandle- syandle4g@cornell.edu- M- Social Worker- New Zealand Sign Language- syandle4g
162 - Shalom - Wellbelove- swellbelove4h@twitpic.com- M- Teacher- Dari- swellbelove4h
163 - Birk - Pickover- bpickover4i@prweb.com- M- Project Manager- Tsonga- bpickover4i
164 - Florentia - Furlong- ffurlong4j@home.pl- F- Desktop Support Technician- Swahili- ffurlong4j
165 - Alejoa - Cathcart- acathcart4k@cargocollective.com- M- Librarian- Czech- acathcart4k
166 - Jerrie - Goosey- jgoosey4l@howstuffworks.com- M- Accountant I- Kurdish- jgoosey4l
167 - Eveleen - Nequest- enequest4m@cnbc.com- F- Payment Adjustment Coordinator- Tok Pisin- enequest4m
168 - Holt - McBratney- hmcbratney4n@icio.us- M- Senior Editor- Tamil- hmcbratney4n
169 - Nikaniki - Anslow- nanslow4o@soundcloud.com- F- Electrical Engineer- Hindi- nanslow4o
170 - Sherman - Romain- sromain4p@hubpages.com- M- Automation Specialist I- Macedonian- sromain4p
171 - Jud - Bartholin- jbartholin4q@vistaprint.com- M- Systems Administrator III- Nepali- jbartholin4q
172 - Annadiana - Pring- apring4r@creativecommons.org- F- Analog Circuit Design manager- Dari- apring4r
173 - Biron - Lepard- blepard4s@scribd.com- M- Media Manager II- Estonian- blepard4s
174 - Jessey - Pinhorn- jpinhorn4t@census.gov- M- Graphic Designer- Moldovan- jpinhorn4t
175 - Angelico - Meatyard- ameatyard4u@howstuffworks.com- M- Environmental Specialist- Greek- ameatyard4u
176 - Koressa - Leahair- kleahair4v@live.com- F- Environmental Specialist- Portuguese- kleahair4v
177 - Darnell - Rylance- drylance4w@ox.ac.uk- M- Environmental Specialist- Burmese- drylance4w
178 - Everard - Cotgrave- ecotgrave4x@blogtalkradio.com- M- Developer III- Croatian- ecotgrave4x
179 - Mikel - Essam- messam4y@jimdo.com- M- Systems Administrator I- Romanian- messam4y
180 - Dev - D'Agostino- ddagostino4z@usgs.gov- M- Senior Quality Engineer- Malayalam- ddagostino4z
181 - Dannel - Olland- dolland50@prweb.com- M- VP Sales- Malagasy- dolland50
182 - Antonetta - Jewes- ajewes51@google.fr- F- Assistant Media Planner- Chinese- ajewes51
183 - Tarrance - Rennard- trennard52@usa.gov- M- Executive Secretary- Estonian- trennard52
184 - Loella - Crighten- lcrighten53@psu.edu- F- Financial Analyst- Ndebele- lcrighten53
185 - Marven - Roumier- mroumier54@topsy.com- M- Editor- Croatian- mroumier54
186 - Charlie - Mulqueen- cmulqueen55@washingtonpost.com- M- Quality Control Specialist- Ndebele- cmulqueen55
187 - Olimpia - Ffrench- offrench56@youtube.com- F- Nurse- Danish- offrench56
188 - Roanne - Alliott- ralliott57@mtv.com- F- Media Manager IV- Assamese- ralliott57
189 - Johnny - Shute- jshute58@studiopress.com- M- Staff Scientist- Telugu- jshute58
190 - Janot - Heinke- jheinke59@paginegialle.it- F- Internal Auditor- Korean- jheinke59
191 - Celina - Mitchenson- cmitchenson5a@dailymail.co.uk- F- Quality Control Specialist- Chinese- cmitchenson5a
192 - James - Maciocia- jmaciocia5b@flickr.com- M- VP Marketing- Gujarati- jmaciocia5b
193 - Lynnelle - Jarlmann- ljarlmann5c@github.io- F- Dental Hygienist- Bislama- ljarlmann5c
194 - Ingram - Millington- imillington5d@cdbaby.com- M- Dental Hygienist- Chinese- imillington5d
195 - Dacia - Dansken- ddansken5e@usa.gov- F- Senior Sales Associate- Bislama- ddansken5e
196 - Herta - Phlippi- hphlippi5f@shop-pro.jp- F- Speech Pathologist- Estonian- hphlippi5f
197 - Webb - Brislan- wbrislan5g@surveymonkey.com- M- Administrative Officer- Yiddish- wbrislan5g
198 - Anna-diane - Jobling- ajobling5h@feedburner.com- F- Help Desk Technician- Maltese- ajobling5h
199 - Salomon - Pischel- spischel5i@creativecommons.org- M- Research Nurse- Croatian- spischel5i
200 - Carver - Clitherow- cclitherow5j@netlog.com- M- Pharmacist- Montenegrin- cclitherow5j
201 - Shaine - Riccetti- sriccetti5k@constantcontact.com- F- Executive Secretary- Portuguese- sriccetti5k
202 - Anneliese - Maginot- amaginot5l@sogou.com- F- Programmer Analyst II- Italian- amaginot5l
203 - Tobie - Rivett- trivett5m@wisc.edu- M- VP Marketing- Lao- trivett5m
204 - Hyatt - Caney- hcaney5n@independent.co.uk- M- Financial Advisor- Azeri- hcaney5n
205 - Wyatt - Quarlis- wquarlis5o@yahoo.co.jp- M- Account Executive- Khmer- wquarlis5o
206 - Mel - Cabrera- mcabrera5p@amazonaws.com- M- Clinical Specialist- Polish- mcabrera5p
207 - Rene - Shoobridge- rshoobridge5q@oracle.com- F- Paralegal- Gagauz- rshoobridge5q
208 - Vivianne - Cliff- vcliff5r@about.me- F- Director of Sales- Tsonga- vcliff5r
209 - Roxine - Frie- rfrie5s@samsung.com- F- Business Systems Development Analyst- Catalan- rfrie5s
210 - Phillipp - Cohr- pcohr5t@time.com- M- Sales Associate- Latvian- pcohr5t
211 - Vidovic - Kilius- vkilius5u@tuttocitta.it- M- Tax Accountant- Polish- vkilius5u
212 - Delilah - Davidesco- ddavidesco5v@unc.edu- F- Data Coordiator- Kannada- ddavidesco5v
213 - Scott - Syphus- ssyphus5w@about.com- M- Human Resources Assistant III- Portuguese- ssyphus5w
214 - Wenonah - Flippen- wflippen5x@about.me- F- Chemical Engineer- Chinese- wflippen5x
215 - Patrice - Skewes- pskewes5y@army.mil- M- Help Desk Technician- Dari- pskewes5y
216 - Gardener - Kindon- gkindon5z@goodreads.com- M- Financial Analyst- Aymara- gkindon5z
217 - Terrye - Cordeux- tcordeux60@hp.com- F- Professor- Aymara- tcordeux60
218 - Latashia - Savage- lsavage61@bloglovin.com- F- Executive Secretary- Hungarian- lsavage61
219 - Lew - Legerton- llegerton62@ucsd.edu- M- Associate Professor- Swedish- llegerton62
220 - Cherilynn - Espinola- cespinola63@bloomberg.com- F- Office Assistant I- English- cespinola63
221 - Erda - Strudwick- estrudwick64@spiegel.de- F- Nuclear Power Engineer- Somali- estrudwick64
222 - Sybille - Byres- sbyres65@about.com- F- Assistant Media Planner- Armenian- sbyres65
223 - Hayward - Langhor- hlanghor66@mlb.com- M- Analyst Programmer- Lao- hlanghor66
224 - Weber - Rowston- wrowston67@ehow.com- M- Teacher- Sotho- wrowston67
225 - Hailee - Gatenby- hgatenby68@nytimes.com- F- Marketing Assistant- Finnish- hgatenby68
226 - Sigmund - Darlington- sdarlington69@hao123.com- M- Human Resources Manager- Bengali- sdarlington69
227 - Hurleigh - Uccello- huccello6a@icio.us- M- VP Marketing- Maltese- huccello6a
228 - Cole - Matches- cmatches6b@imdb.com- M- Web Designer III- Tetum- cmatches6b
229 - Jessalyn - Wickmann- jwickmann6c@economist.com- F- Analog Circuit Design manager- Filipino- jwickmann6c
230 - Arlie - Blasgen- ablasgen6d@51.la- F- Senior Cost Accountant- Bulgarian- ablasgen6d
231 - Jacob - Bruck- jbruck6e@bloglines.com- M- Occupational Therapist- Hungarian- jbruck6e
232 - Carlie - Crocket- ccrocket6f@simplemachines.org- F- Assistant Media Planner- English- ccrocket6f
233 - Tait - Vigneron- tvigneron6g@cbsnews.com- M- Executive Secretary- Polish- tvigneron6g
234 - Petr - Frie- pfrie6h@bloomberg.com- M- Civil Engineer- Nepali- pfrie6h
235 - Petronille - Fishbourn- pfishbourn6i@google.ru- F- Associate Professor- Yiddish- pfishbourn6i
236 - Dedra - Brownsword- dbrownsword6j@blogger.com- F- Senior Developer- Kyrgyz- dbrownsword6j
237 - Dulcy - Quickfall- dquickfall6k@mlb.com- F- Analyst Programmer- Pashto- dquickfall6k
238 - Roth - McTurk- rmcturk6l@desdev.cn- M- Payment Adjustment Coordinator- Icelandic- rmcturk6l
239 - Neil - Roch- nroch6m@tripod.com- M- Statistician I- Khmer- nroch6m
240 - Dimitri - Pendlington- dpendlington6n@google.ru- M- Design Engineer- Malayalam- dpendlington6n
241 - Jody - Joules- jjoules6o@eepurl.com- M- Paralegal- Nepali- jjoules6o
242 - Claudian - Tarbet- ctarbet6p@techcrunch.com- M- Help Desk Technician- Romanian- ctarbet6p
243 - Etheline - Lauritzen- elauritzen6q@blogs.com- F- Automation Specialist IV- Punjabi- elauritzen6q
244 - Dallis - Grimbleby- dgrimbleby6r@merriam-webster.com- M- Engineer II- Guaraní- dgrimbleby6r
245 - Fran - Cassie- fcassie6s@t-online.de- F- Legal Assistant- Polish- fcassie6s
246 - Randall - Peterffy- rpeterffy6t@squarespace.com- M- Senior Editor- Danish- rpeterffy6t
247 - Suzette - Paradise- sparadise6u@umn.edu- F- Editor- Bengali- sparadise6u
248 - Evangeline - Deam- edeam6v@goodreads.com- F- Human Resources Assistant IV- Quechua- edeam6v
249 - Faye - Monroe- fmonroe6w@com.com- F- Food Chemist- Dhivehi- fmonroe6w
250 - Major - Kew- mkew6x@163.com- M- Associate Professor- Hungarian- mkew6x
251 - Serge - Ramsted- sramsted6y@creativecommons.org- M- Legal Assistant- Luxembourgish- sramsted6y
252 - Edwina - Fawthrop- efawthrop6z@macromedia.com- F- Payment Adjustment Coordinator- Dari- efawthrop6z
253 - Ade - Trengrouse- atrengrouse70@etsy.com- M- Senior Editor- New Zealand Sign Language- atrengrouse70
254 - Jayme - McKerton- jmckerton71@studiopress.com- F- Administrative Assistant II- Portuguese- jmckerton71
255 - Gerrilee - Sifflett- gsifflett72@cargocollective.com- F- Paralegal- New Zealand Sign Language- gsifflett72
256 - Ives - Hullyer- ihullyer73@un.org- M- VP Sales- Malagasy- ihullyer73
257 - Oswald - Bullard- obullard74@google.es- M- Accountant III- Moldovan- obullard74
258 - Noland - Vosper- nvosper75@ebay.com- M- Developer IV- Tetum- nvosper75
259 - Indira - Leighton- ileighton76@kickstarter.com- F- Registered Nurse- Māori- ileighton76
260 - Eustacia - Tattersdill- etattersdill77@paypal.com- F- Developer IV- Tetum- etattersdill77
261 - Howie - Relph- hrelph78@i2i.jp- M- Account Coordinator- Gujarati- hrelph78
262 - Hannis - Rouf- hrouf79@arstechnica.com- F- Environmental Specialist- Quechua- hrouf79
263 - Melesa - Madine- mmadine7a@google.fr- F- Financial Advisor- Tok Pisin- mmadine7a
264 - Mikey - Janusz- mjanusz7b@arizona.edu- M- VP Accounting- Chinese- mjanusz7b
265 - Shena - Goodered- sgoodered7c@boston.com- F- Clinical Specialist- Guaraní- sgoodered7c
266 - Kevan - Cleef- kcleef7d@dagondesign.com- M- Software Test Engineer II- Tok Pisin- kcleef7d
267 - Nathalie - Strachan- nstrachan7e@reuters.com- F- Occupational Therapist- Kazakh- nstrachan7e
268 - Nataline - Turfus- nturfus7f@admin.ch- F- Help Desk Operator- Kurdish- nturfus7f
269 - Melina - Woollaston- mwoollaston7g@joomla.org- F- Account Coordinator- West Frisian- mwoollaston7g
270 - Tirrell - Shambrook- tshambrook7h@netscape.com- M- Executive Secretary- Swahili- tshambrook7h
271 - Erda - Pohling- epohling7i@topsy.com- F- Tax Accountant- Irish Gaelic- epohling7i
272 - Brana - Vane- bvane7j@discovery.com- F- Pharmacist- Assamese- bvane7j
273 - Breena - Gravet- bgravet7k@xing.com- F- GIS Technical Architect- Macedonian- bgravet7k
274 - Marcelo - Branchet- mbranchet7l@e-recht24.de- M- Design Engineer- Nepali- mbranchet7l
275 - Josefina - Toleman- jtoleman7m@soup.io- F- Research Associate- Irish Gaelic- jtoleman7m
276 - Barb - Molian- bmolian7n@macromedia.com- F- Data Coordiator- Oriya- bmolian7n
277 - Rosaleen - Downey- rdowney7o@imageshack.us- F- Mechanical Systems Engineer- Macedonian- rdowney7o
278 - Sollie - Miguet- smiguet7p@sfgate.com- M- Safety Technician II- Luxembourgish- smiguet7p
279 - Arlette - Jurasek- ajurasek7q@ted.com- F- VP Accounting- Afrikaans- ajurasek7q
280 - Mortimer - Azemar- mazemar7r@about.me- M- Statistician III- Chinese- mazemar7r
281 - Chere - Ellerman- cellerman7s@altervista.org- F- Junior Executive- Estonian- cellerman7s
282 - Netty - Towell- ntowell7t@squidoo.com- F- Editor- Greek- ntowell7t
283 - Lowrance - Grellis- lgrellis7u@wix.com- M- Recruiter- German- lgrellis7u
284 - Kermit - Pitchers- kpitchers7v@reuters.com- M- Teacher- Spanish- kpitchers7v
285 - Olenka - Dodridge- ododridge7w@pagesperso-orange.fr- F- Graphic Designer- Albanian- ododridge7w
286 - Saul - Ruter- sruter7x@bravesites.com- M- Financial Advisor- Romanian- sruter7x
287 - Lorettalorna - Jickells- ljickells7y@yellowbook.com- F- Health Coach II- Aymara- ljickells7y
288 - Piggy - Tunnacliffe- ptunnacliffe7z@csmonitor.com- M- Accountant III- Bosnian- ptunnacliffe7z
289 - Moise - Curnick- mcurnick80@hc360.com- M- Social Worker- Lao- mcurnick80
290 - Theodor - Breming- tbreming81@shareasale.com- M- Physical Therapy Assistant- Bulgarian- tbreming81
291 - Benoite - Axe- baxe82@pinterest.com- F- Office Assistant II- Bulgarian- baxe82
292 - Rolfe - Quesne- rquesne83@plala.or.jp- M- Business Systems Development Analyst- Dhivehi- rquesne83
293 - Lukas - Biskup- lbiskup84@cbc.ca- M- Financial Analyst- Bislama- lbiskup84
294 - Skippie - Methuen- smethuen85@tinyurl.com- M- Staff Scientist- Guaraní- smethuen85
295 - Willie - Sedman- wsedman86@google.fr- M- Design Engineer- Moldovan- wsedman86
296 - Benny - Korfmann- bkorfmann87@theguardian.com- M- Operator- Kurdish- bkorfmann87
297 - Ford - McAreavey- fmcareavey88@hhs.gov- M- Senior Financial Analyst- Czech- fmcareavey88
298 - Bernete - Heinl- bheinl89@cpanel.net- F- Senior Sales Associate- Dutch- bheinl89
299 - Modesty - Bembridge- mbembridge8a@list-manage.com- F- Speech Pathologist- Quechua- mbembridge8a
300 - Linell - Ragsdall- lragsdall8b@istockphoto.com- F- Teacher- Burmese- lragsdall8b
301 - Merci - Scarlett- mscarlett8c@bravesites.com- F- Civil Engineer- Polish- mscarlett8c
302 - Dom - Connealy- dconnealy8d@google.co.jp- M- Developer IV- Armenian- dconnealy8d
303 - Ulick - Delacour- udelacour8e@chicagotribune.com- M- Professor- Maltese- udelacour8e
304 - Benedikt - Maine- bmaine8f@surveymonkey.com- M- Engineer III- Portuguese- bmaine8f
305 - Tiler - Dougliss- tdougliss8g@arstechnica.com- M- Senior Editor- French- tdougliss8g
306 - Dory - Veschambes- dveschambes8h@w3.org- M- Chemical Engineer- Belarusian- dveschambes8h
307 - Lorrie - Pfeffle- lpfeffle8i@who.int- F- Chemical Engineer- Kazakh- lpfeffle8i
308 - Worthington - Broadley- wbroadley8j@cnn.com- M- Web Developer I- Swedish- wbroadley8j
309 - Rozanne - Goncalo- rgoncalo8k@salon.com- F- Assistant Manager- Bulgarian- rgoncalo8k
310 - Nadya - Renvoys- nrenvoys8l@unblog.fr- F- Community Outreach Specialist- Malay- nrenvoys8l
311 - Hall - Iacofo- hiacofo8m@samsung.com- M- Human Resources Assistant III- Japanese- hiacofo8m
312 - Enrique - Nellis- enellis8n@bloglovin.com- M- Sales Representative- Swedish- enellis8n
313 - Fayre - Argont- fargont8o@auda.org.au- F- Budget/Accounting Analyst I- Azeri- fargont8o
314 - Quintus - McKeran- qmckeran8p@livejournal.com- M- Account Executive- Yiddish- qmckeran8p
315 - Eduino - Scanterbury- escanterbury8q@de.vu- M- Software Consultant- Dhivehi- escanterbury8q
316 - Rem - Bulfit- rbulfit8r@go.com- M- Media Manager III- Croatian- rbulfit8r
317 - Alyssa - Foort- afoort8s@sitemeter.com- F- Occupational Therapist- Persian- afoort8s
318 - Tucker - Parlet- tparlet8t@furl.net- M- Design Engineer- Tamil- tparlet8t
319 - Fidelia - Slyne- fslyne8u@friendfeed.com- F- Tax Accountant- Assamese- fslyne8u
320 - Zane - Mebs- zmebs8v@thetimes.co.uk- M- Business Systems Development Analyst- Macedonian- zmebs8v
321 - Myra - Priddy- mpriddy8w@tamu.edu- F- Nurse Practicioner- Telugu- mpriddy8w
322 - Giffy - Gantzer- ggantzer8x@npr.org- M- Administrative Assistant III- Greek- ggantzer8x
323 - Alejoa - Tindle- atindle8y@sbwire.com- M- Sales Representative- Papiamento- atindle8y
324 - Didi - Troni- dtroni8z@wix.com- F- Web Designer II- Amharic- dtroni8z
325 - Niel - Burdekin- nburdekin90@reddit.com- M- Environmental Specialist- Malay- nburdekin90
326 - Kimmi - Wanless- kwanless91@slideshare.net- F- Health Coach II- Estonian- kwanless91
327 - Aymer - Aleavy- aaleavy92@seesaa.net- M- Biostatistician II- Assamese- aaleavy92
328 - Gabbie - Nancekivell- gnancekivell93@msn.com- F- Human Resources Manager- Kurdish- gnancekivell93
329 - Mohammed - Lewson- mlewson94@t-online.de- M- Staff Scientist- Kannada- mlewson94
330 - Saraann - Dello- sdello95@ocn.ne.jp- F- Statistician I- Lithuanian- sdello95
331 - Alonzo - Leyban- aleyban96@wikimedia.org- M- Engineer IV- Malay- aleyban96
332 - Tisha - Moloney- tmoloney97@amazon.de- F- Information Systems Manager- Māori- tmoloney97
333 - Ferdy - Budget- fbudget98@thetimes.co.uk- M- Biostatistician II- West Frisian- fbudget98
334 - Randell - Swales- rswales99@census.gov- M- Sales Representative- Bislama- rswales99
335 - Cassandre - Burford- cburford9a@merriam-webster.com- F- Geological Engineer- Moldovan- cburford9a
336 - Zach - Emlen- zemlen9b@ucsd.edu- M- Research Associate- Swati- zemlen9b
337 - Carmon - McClarence- cmcclarence9c@behance.net- F- General Manager- French- cmcclarence9c
338 - Barnebas - Cheeld- bcheeld9d@naver.com- M- Web Designer IV- Polish- bcheeld9d
339 - Regan - Gadsdon- rgadsdon9e@multiply.com- F- Financial Analyst- Latvian- rgadsdon9e
340 - Sebastiano - Howe- showe9f@techcrunch.com- M- Software Consultant- Swahili- showe9f
341 - Minny - Bletso- mbletso9g@icq.com- F- Product Engineer- Albanian- mbletso9g
342 - Archibaldo - Towns- atowns9h@photobucket.com- M- Statistician I- French- atowns9h
343 - Dalila - Le Grice- dlegrice9i@house.gov- F- Teacher- French- dlegrice9i
344 - Tim - Shiel- tshiel9j@columbia.edu- M- Software Test Engineer III- Gagauz- tshiel9j
345 - Antony - Kennham- akennham9k@alexa.com- M- Data Coordiator- Haitian Creole- akennham9k
346 - Chandra - Smaile- csmaile9l@addtoany.com- F- Administrative Assistant II- Tetum- csmaile9l
347 - Desmond - Volant- dvolant9m@netlog.com- M- VP Product Management- Sotho- dvolant9m
348 - Jazmin - de Juares- jdejuares9n@wikimedia.org- F- Social Worker- Assamese- jdejuares9n
349 - Ruperta - Manz- rmanz9o@phpbb.com- F- Biostatistician II- Romanian- rmanz9o
350 - Matty - Dwight- mdwight9p@senate.gov- F- Product Engineer- Norwegian- mdwight9p
351 - Donavon - Kiff- dkiff9q@rediff.com- M- Legal Assistant- Kurdish- dkiff9q
352 - Ebeneser - Scotfurth- escotfurth9r@mail.ru- M- Civil Engineer- Korean- escotfurth9r
353 - Nealson - Toogood- ntoogood9s@abc.net.au- M- Desktop Support Technician- Azeri- ntoogood9s
354 - Jemie - McAulay- jmcaulay9t@umich.edu- F- Recruiter- Gujarati- jmcaulay9t
355 - Tomlin - Feldharker- tfeldharker9u@google.pl- M- Marketing Manager- Malayalam- tfeldharker9u
356 - Vic - Drackford- vdrackford9v@noaa.gov- M- Chief Design Engineer- Malagasy- vdrackford9v
357 - Barnabe - Varsey- bvarsey9w@unc.edu- M- Financial Analyst- Catalan- bvarsey9w
358 - Gus - Pury- gpury9x@ovh.net- F- Software Engineer II- Bulgarian- gpury9x
359 - Ola - Ordemann- oordemann9y@sfgate.com- F- Nurse- Irish Gaelic- oordemann9y
360 - Juliann - Boss- jboss9z@unicef.org- F- Developer III- Pashto- jboss9z
361 - Skippie - Slyman- sslymana0@livejournal.com- M- Tax Accountant- Montenegrin- sslymana0
362 - Gonzalo - Suddick- gsuddicka1@usatoday.com- M- Product Engineer- Albanian- gsuddicka1
363 - Yankee - Kuhnert- ykuhnerta2@google.com.hk- M- General Manager- Quechua- ykuhnerta2
364 - Kelbee - Coupar- kcoupara3@dedecms.com- M- Accounting Assistant II- Arabic- kcoupara3
365 - Annecorinne - Broadberry- abroadberrya4@cargocollective.com- F- Editor- Kurdish- abroadberrya4
366 - Charlton - Skynner- cskynnera5@t.co- M- Structural Engineer- Lithuanian- cskynnera5
367 - Fransisco - Gargett- fgargetta6@facebook.com- M- Financial Analyst- Gujarati- fgargetta6
368 - Broderick - Gonnet- bgonneta7@tripod.com- M- Nurse Practicioner- Icelandic- bgonneta7
369 - Leontyne - Ryles- lrylesa8@stanford.edu- F- Operator- Tswana- lrylesa8
370 - Luis - Shambroke- lshambrokea9@ask.com- M- Legal Assistant- Zulu- lshambrokea9
371 - Edsel - Gomes- egomesaa@paginegialle.it- M- Assistant Professor- Telugu- egomesaa
372 - Romonda - Arnaez- rarnaezab@printfriendly.com- F- Recruiter- Oriya- rarnaezab
373 - Kayle - Bullen- kbullenac@yellowbook.com- F- Accountant III- Somali- kbullenac
374 - Murry - Clac- mclacad@yale.edu- M- Structural Analysis Engineer- Malayalam- mclacad
375 - Cherilyn - Bedwell- cbedwellae@hibu.com- F- Senior Editor- Irish Gaelic- cbedwellae
376 - Dav - Petris- dpetrisaf@google.pl- M- Community Outreach Specialist- Sotho- dpetrisaf
377 - Susann - Godmer- sgodmerag@tmall.com- F- Research Nurse- Hiri Motu- sgodmerag
378 - Tess - Kirman- tkirmanah@wordpress.com- F- Analog Circuit Design manager- Romanian- tkirmanah
379 - Rinaldo - Hiddsley- rhiddsleyai@home.pl- M- VP Accounting- Hindi- rhiddsleyai
380 - Ardyth - Mussolini- amussoliniaj@mtv.com- F- Staff Accountant III- Bosnian- amussoliniaj
381 - Linnie - Byre- lbyreak@jimdo.com- F- General Manager- Maltese- lbyreak
382 - Adella - Quarless- aquarlessal@patch.com- F- Financial Advisor- Tok Pisin- aquarlessal
383 - Tillie - Tersay- ttersayam@howstuffworks.com- F- Community Outreach Specialist- Italian- ttersayam
384 - Chevalier - Flello- cflelloan@nhs.uk- M- VP Accounting- Maltese- cflelloan
385 - Sile - Stonbridge- sstonbridgeao@sogou.com- F- Business Systems Development Analyst- Albanian- sstonbridgeao
386 - Whit - Penhale- wpenhaleap@parallels.com- M- Structural Analysis Engineer- Greek- wpenhaleap
387 - Vinson - Scutching- vscutchingaq@yolasite.com- M- Internal Auditor- Latvian- vscutchingaq
388 - Winnie - Beckford- wbeckfordar@biblegateway.com- F- Sales Associate- Luxembourgish- wbeckfordar
389 - Allyce - Bertwistle- abertwistleas@typepad.com- F- Food Chemist- Finnish- abertwistleas
390 - Danice - Broschek- dbroschekat@joomla.org- F- Electrical Engineer- Yiddish- dbroschekat
391 - Maxie - Fowler- mfowlerau@epa.gov- F- Data Coordiator- Fijian- mfowlerau
392 - Fanny - Lowman- flowmanav@google.de- F- Biostatistician II- Tajik- flowmanav
393 - Sergio - Jancso- sjancsoaw@lulu.com- M- Administrative Officer- Malagasy- sjancsoaw
394 - Baron - Blazi- bblaziax@simplemachines.org- M- Dental Hygienist- Malagasy- bblaziax
395 - Charles - Ridesdale- cridesdaleay@sourceforge.net- M- VP Quality Control- Swahili- cridesdaleay
396 - Rourke - Littleproud- rlittleproudaz@google.co.jp- M- Junior Executive- Azeri- rlittleproudaz
397 - Ernestine - Trimbey- etrimbeyb0@ow.ly- F- Sales Associate- Spanish- etrimbeyb0
398 - Tore - Dollin- tdollinb1@irs.gov- M- Automation Specialist III- Japanese- tdollinb1
399 - Patience - Dicky- pdickyb2@nifty.com- F- Automation Specialist II- Haitian Creole- pdickyb2
400 - Minny - Bridgwood- mbridgwoodb3@tripod.com- F- Editor- Lithuanian- mbridgwoodb3
401 - Linnea - Mulgrew- lmulgrewb4@altervista.org- F- Research Nurse- Mongolian- lmulgrewb4
402 - Dorree - Venning- dvenningb5@paginegialle.it- F- Financial Analyst- Moldovan- dvenningb5
403 - Cate - Croxall- ccroxallb6@msu.edu- F- VP Accounting- Catalan- ccroxallb6
404 - Elnar - Belford- ebelfordb7@pen.io- M- VP Quality Control- Bengali- ebelfordb7
405 - Alonso - Blasiak- ablasiakb8@istockphoto.com- M- Data Coordiator- Thai- ablasiakb8
406 - Onida - Clemmow- oclemmowb9@dell.com- F- Graphic Designer- Nepali- oclemmowb9
407 - Cordi - Dinsmore- cdinsmoreba@etsy.com- F- Tax Accountant- Oriya- cdinsmoreba
408 - Dion - Cobbe- dcobbebb@baidu.com- F- VP Marketing- Dari- dcobbebb
409 - Ashil - Crisford- acrisfordbc@stanford.edu- F- Help Desk Technician- Burmese- acrisfordbc
410 - Elle - Perchard- eperchardbd@ebay.com- F- Environmental Specialist- Gagauz- eperchardbd
411 - Ewen - Maclaine- emaclainebe@weibo.com- M- Account Representative IV- Lithuanian- emaclainebe
412 - Pammy - Browncey- pbrownceybf@nydailynews.com- F- Business Systems Development Analyst- Gujarati- pbrownceybf
413 - Karil - Kippin- kkippinbg@mysql.com- F- Accounting Assistant I- Hebrew- kkippinbg
414 - Fannie - McKeever- fmckeeverbh@goodreads.com- F- Quality Control Specialist- Dhivehi- fmckeeverbh
415 - Seymour - Puxley- spuxleybi@facebook.com- M- Nurse- Bengali- spuxleybi
416 - Constanta - Macey- cmaceybj@hexun.com- F- Geological Engineer- Estonian- cmaceybj
417 - Lyssa - McGifford- lmcgiffordbk@time.com- F- Social Worker- Haitian Creole- lmcgiffordbk
418 - Blair - Muzzi- bmuzzibl@nih.gov- M- Speech Pathologist- Italian- bmuzzibl
419 - Biddie - Golson- bgolsonbm@dailymail.co.uk- F- Occupational Therapist- Korean- bgolsonbm
420 - Dorian - Ledgley- dledgleybn@dmoz.org- M- Tax Accountant- Somali- dledgleybn
421 - Marlena - Iskov- miskovbo@amazonaws.com- F- Social Worker- Greek- miskovbo
422 - Anjela - Pinfold- apinfoldbp@baidu.com- F- Actuary- Thai- apinfoldbp
423 - Legra - Brinded- lbrindedbq@amazon.co.jp- F- Administrative Assistant III- Dari- lbrindedbq
424 - Donnie - Cusick- dcusickbr@pcworld.com- M- VP Quality Control- Croatian- dcusickbr
425 - Gav - Okroy- gokroybs@webeden.co.uk- M- Legal Assistant- Czech- gokroybs
426 - Barde - Farquarson- bfarquarsonbt@joomla.org- M- Account Representative III- Oriya- bfarquarsonbt
427 - Rourke - Tiptaft- rtiptaftbu@blogspot.com- M- Programmer I- Hebrew- rtiptaftbu
428 - Alejandrina - Cahan- acahanbv@myspace.com- F- General Manager- Gujarati- acahanbv
429 - Laird - Sams- lsamsbw@last.fm- M- Structural Analysis Engineer- Malayalam- lsamsbw
430 - Kassi - Busfield- kbusfieldbx@alexa.com- F- Teacher- Persian- kbusfieldbx
431 - Kristien - Andreone- kandreoneby@apache.org- F- Executive Secretary- Zulu- kandreoneby
432 - Luca - O'Nions- lonionsbz@usnews.com- M- Actuary- Swahili- lonionsbz
433 - Shell - Martineau- smartineauc0@rambler.ru- F- Assistant Manager- Irish Gaelic- smartineauc0
434 - Sula - Chalfain- schalfainc1@prweb.com- F- Research Associate- Lao- schalfainc1
435 - Nobie - Huerta- nhuertac2@1688.com- M- Data Coordiator- Belarusian- nhuertac2
436 - Melodie - Tarburn- mtarburnc3@cnbc.com- F- General Manager- Tswana- mtarburnc3
437 - Jourdan - Echelle- jechellec4@timesonline.co.uk- F- Administrative Assistant III- Malagasy- jechellec4
438 - Joyous - Aulsford- jaulsfordc5@usa.gov- F- Civil Engineer- Ndebele- jaulsfordc5
439 - Aymer - Myrie- amyriec6@cafepress.com- M- Accounting Assistant IV- Romanian- amyriec6
440 - Sigfried - McBeath- smcbeathc7@cocolog-nifty.com- M- Accounting Assistant I- Dzongkha- smcbeathc7
441 - Lucine - Letson- lletsonc8@wiley.com- F- Operator- Telugu- lletsonc8
442 - Aubine - Bowie- abowiec9@who.int- F- Quality Control Specialist- Ndebele- abowiec9
443 - Gayler - Greenmon- ggreenmonca@amazonaws.com- M- Recruiter- Haitian Creole- ggreenmonca
444 - Corene - Massen- cmassencb@dailymotion.com- F- GIS Technical Architect- Kurdish- cmassencb
445 - Giordano - Gasnell- ggasnellcc@cnbc.com- M- Sales Associate- Norwegian- ggasnellcc
446 - Robinetta - Face- rfacecd@diigo.com- F- Associate Professor- Hungarian- rfacecd
447 - Hyman - Strippel- hstrippelce@trellian.com- M- Recruiting Manager- Tetum- hstrippelce
448 - Alexandros - Naisey- anaiseycf@vimeo.com- M- Assistant Professor- Estonian- anaiseycf
449 - Curran - Lints- clintscg@instagram.com- M- Tax Accountant- Hungarian- clintscg
450 - Mickey - Lafflina- mlafflinach@nature.com- M- Dental Hygienist- German- mlafflinach
451 - Delbert - McEnhill- dmcenhillci@devhub.com- M- Biostatistician III- Assamese- dmcenhillci
452 - Nanci - Carverhill- ncarverhillcj@sourceforge.net- F- Recruiting Manager- Maltese- ncarverhillcj
453 - Luisa - Sallings- lsallingsck@de.vu- F- Chemical Engineer- Lao- lsallingsck
454 - Quintin - Bache- qbachecl@intel.com- M- Product Engineer- Dari- qbachecl
455 - Fionna - Chavrin- fchavrincm@vistaprint.com- F- General Manager- Tajik- fchavrincm
456 - Betteann - Vasyunichev- bvasyunichevcn@tinyurl.com- F- Social Worker- Bulgarian- bvasyunichevcn
457 - Patrice - Lochet- plochetco@1688.com- F- Health Coach IV- Tetum- plochetco
458 - Thoma - Cail- tcailcp@epa.gov- M- Internal Auditor- Norwegian- tcailcp
459 - Leoline - Cirlos- lcirloscq@npr.org- F- Graphic Designer- Spanish- lcirloscq
460 - Garald - Ritzman- gritzmancr@mozilla.com- M- Account Representative IV- Haitian Creole- gritzmancr
461 - Eustacia - Benediktovich- ebenediktovichcs@cbc.ca- F- Director of Sales- Luxembourgish- ebenediktovichcs
462 - Julee - Hunting- jhuntingct@stumbleupon.com- F- Analog Circuit Design manager- Persian- jhuntingct
463 - Frederich - Traite- ftraitecu@drupal.org- M- Technical Writer- Bislama- ftraitecu
464 - Ermanno - Ingman- eingmancv@addthis.com- M- Help Desk Operator- West Frisian- eingmancv
465 - Erminia - Spellacy- espellacycw@marketwatch.com- F- Software Engineer IV- Fijian- espellacycw
466 - Renaud - Trenbay- rtrenbaycx@dot.gov- M- Developer IV- Chinese- rtrenbaycx
467 - Brendis - Doul- bdoulcy@over-blog.com- M- Programmer Analyst I- Azeri- bdoulcy
468 - Alexa - Allan- aallancz@i2i.jp- F- Staff Scientist- Croatian- aallancz
469 - Kariotta - Patterfield- kpatterfieldd0@xinhuanet.com- F- Legal Assistant- Czech- kpatterfieldd0
470 - Silvanus - McGrah- smcgrahd1@ezinearticles.com- M- Web Designer III- Guaraní- smcgrahd1
471 - Valentijn - Snare- vsnared2@flavors.me- M- Nurse- Lithuanian- vsnared2
472 - Avrom - Prosh- aproshd3@sohu.com- M- Data Coordiator- Kyrgyz- aproshd3
473 - Ericha - de Chastelain- edechastelaind4@webnode.com- F- Paralegal- Persian- edechastelaind4
474 - Hubey - Phare- hphared5@scientificamerican.com- M- Registered Nurse- Maltese- hphared5
475 - La verne - Strover- lstroverd6@berkeley.edu- F- Web Developer IV- Sotho- lstroverd6
476 - Gretal - Redfearn- gredfearnd7@blogs.com- F- Recruiter- German- gredfearnd7
477 - Chen - Spurnier- cspurnierd8@nsw.gov.au- M- Graphic Designer- Tok Pisin- cspurnierd8
478 - Nicky - Theuff- ntheuffd9@ocn.ne.jp- F- Structural Analysis Engineer- Spanish- ntheuffd9
479 - Nickolas - Harragin- nharraginda@t.co- M- Accounting Assistant III- Assamese- nharraginda
480 - Devin - Tenbrug- dtenbrugdb@ibm.com- F- Budget/Accounting Analyst IV- Japanese- dtenbrugdb
481 - Gregoor - Geeves- ggeevesdc@naver.com- M- Community Outreach Specialist- Assamese- ggeevesdc
482 - Belia - McCawley- bmccawleydd@ihg.com- F- Help Desk Technician- Marathi- bmccawleydd
483 - Virgie - McMechan- vmcmechande@slate.com- F- Civil Engineer- Czech- vmcmechande
484 - Gail - Mahon- gmahondf@oaic.gov.au- M- Biostatistician I- Bulgarian- gmahondf
485 - Derek - Medcalfe- dmedcalfedg@mashable.com- M- Project Manager- Danish- dmedcalfedg
486 - Henrik - Downie- hdowniedh@smugmug.com- M- Structural Analysis Engineer- Gagauz- hdowniedh
487 - Emmy - Maplesden- emaplesdendi@google.es- M- Director of Sales- Japanese- emaplesdendi
488 - Delcine - Bowton- dbowtondj@ustream.tv- F- Food Chemist- Romanian- dbowtondj
489 - Augustine - Senyard- asenyarddk@cdbaby.com- F- Product Engineer- Telugu- asenyarddk
490 - Dal - Ugolotti- dugolottidl@yelp.com- M- Professor- Portuguese- dugolottidl
491 - Giustino - Statter- gstatterdm@omniture.com- M- Pharmacist- Norwegian- gstatterdm
492 - Crystie - Tidridge- ctidridgedn@ebay.co.uk- F- Analog Circuit Design manager- Croatian- ctidridgedn
493 - Dar - Wudeland- dwudelanddo@nps.gov- M- Data Coordiator- Korean- dwudelanddo
494 - Sheridan - Monger- smongerdp@yahoo.com- M- Speech Pathologist- Aymara- smongerdp
495 - Nappy - Chrystie- nchrystiedq@tmall.com- M- General Manager- Sotho- nchrystiedq
496 - Kenon - Glanton- kglantondr@dell.com- M- Food Chemist- Telugu- kglantondr
497 - Doro - Hayers- dhayersds@mediafire.com- F- Professor- Azeri- dhayersds
498 - Adelaida - Stetlye- astetlyedt@w3.org- F- Human Resources Manager- Romanian- astetlyedt
499 - Maison - Ambrus- mambrusdu@cnn.com- M- Statistician I- Somali- mambrusdu
500 - Stacie - Proudlove- sproudlovedv@pagesperso-orange.fr- F- Human Resources Assistant I- Amharic- sproudlovedv
501 - Tricia - Penbarthy- tpenbarthydw@a8.net- F- Automation Specialist II- Malagasy- tpenbarthydw
502 - Carmencita - Sherwyn- csherwyndx@blogs.com- F- Teacher- Lithuanian- csherwyndx
503 - Lana - Polland- lpollanddy@i2i.jp- F- Account Coordinator- Zulu- lpollanddy
504 - Nada - South- nsouthdz@wikispaces.com- F- Marketing Manager- Albanian- nsouthdz
505 - Trefor - Reeds- treedse0@naver.com- M- Pharmacist- Belarusian- treedse0
506 - Bobina - Plose- bplosee1@abc.net.au- F- Senior Developer- Tetum- bplosee1
507 - Neilla - Shewery- nshewerye2@netvibes.com- F- Environmental Specialist- Hiri Motu- nshewerye2
508 - Edvard - Ledeker- eledekere3@themeforest.net- M- Environmental Specialist- Montenegrin- eledekere3
509 - Simeon - Dodgson- sdodgsone4@va.gov- M- VP Accounting- Moldovan- sdodgsone4
510 - Julianna - Duhig- jduhige5@earthlink.net- F- Food Chemist- Amharic- jduhige5
511 - Brandi - Millgate- bmillgatee6@altervista.org- F- Account Coordinator- Swati- bmillgatee6
512 - Willem - Dablin- wdabline7@aol.com- M- Design Engineer- Tamil- wdabline7
513 - Yehudit - Dole- ydolee8@vimeo.com- M- Chemical Engineer- Armenian- ydolee8
514 - Chip - Arckoll- carckolle9@ed.gov- M- Nuclear Power Engineer- Sotho- carckolle9
515 - Elliott - Genthner- egenthnerea@arizona.edu- M- Chemical Engineer- Oriya- egenthnerea
516 - Jamesy - Humphrys- jhumphryseb@usgs.gov- M- Registered Nurse- Montenegrin- jhumphryseb
517 - Nicola - MacKeig- nmackeigec@economist.com- F- VP Sales- Dari- nmackeigec
518 - Ruthi - McCard- rmccarded@unesco.org- F- Associate Professor- Hindi- rmccarded
519 - Tracey - Mowsdill- tmowsdillee@geocities.jp- M- Editor- Dutch- tmowsdillee
520 - Walden - Fenich- wfenichef@wsj.com- M- Recruiting Manager- Lithuanian- wfenichef
521 - Therine - De la Yglesia- tdelayglesiaeg@blogs.com- F- Teacher- German- tdelayglesiaeg
522 - Rowena - Goldstone- rgoldstoneeh@hhs.gov- F- Structural Analysis Engineer- Czech- rgoldstoneeh
523 - Perrine - Morratt- pmorrattei@techcrunch.com- F- Media Manager III- Portuguese- pmorrattei
524 - Cad - Kolodziejski- ckolodziejskiej@elegantthemes.com- M- Senior Developer- Albanian- ckolodziejskiej
525 - Ivie - Chatelot- ichatelotek@bandcamp.com- F- Food Chemist- Swahili- ichatelotek
526 - Georgeanne - Heavyside- gheavysideel@seesaa.net- F- Research Nurse- Bulgarian- gheavysideel
527 - Akim - Wintringham- awintringhamem@digg.com- M- Environmental Tech- Kashmiri- awintringhamem
528 - Terencio - Geffen- tgeffenen@cdbaby.com- M- Software Engineer I- Thai- tgeffenen
529 - Romeo - Meecher- rmeechereo@skyrock.com- M- Product Engineer- Malagasy- rmeechereo
530 - Arly - Churn- achurnep@exblog.jp- F- Help Desk Operator- Irish Gaelic- achurnep
531 - Temp - Farnorth- tfarnortheq@tinyurl.com- M- Budget/Accounting Analyst II- Malagasy- tfarnortheq
532 - Phil - MacGuiness- pmacguinesser@intel.com- F- Environmental Specialist- Māori- pmacguinesser
533 - Kennedy - Rowney- krowneyes@cbslocal.com- M- Physical Therapy Assistant- Swedish- krowneyes
534 - Shel - Ciubutaro- sciubutaroet@icq.com- F- Paralegal- Tamil- sciubutaroet
535 - Marsiella - Bourges- mbourgeseu@ca.gov- F- Paralegal- Lao- mbourgeseu
536 - Vivian - McCaskill- vmccaskillev@cdbaby.com- F- Geologist I- Sotho- vmccaskillev
537 - Doralin - Shane- dshaneew@163.com- F- Teacher- Māori- dshaneew
538 - Mead - O'Hagirtie- mohagirtieex@blog.com- F- Analyst Programmer- Dari- mohagirtieex
539 - Dalli - Kezourec- dkezourecey@yale.edu- M- Associate Professor- Khmer- dkezourecey
540 - Chrissie - Sweetmore- csweetmoreez@answers.com- F- Help Desk Technician- Greek- csweetmoreez
541 - Mycah - Bugg- mbuggf0@admin.ch- M- Recruiting Manager- Pashto- mbuggf0
542 - Kimmi - Dmiterko- kdmiterkof1@reddit.com- F- Payment Adjustment Coordinator- Maltese- kdmiterkof1
543 - Bruno - Long- blongf2@guardian.co.uk- M- Civil Engineer- Arabic- blongf2
544 - Alfonse - Kivlin- akivlinf3@sphinn.com- M- Web Developer I- Latvian- akivlinf3
545 - Salli - Hintze- shintzef4@xinhuanet.com- F- Information Systems Manager- Sotho- shintzef4
546 - Haskel - Jess- hjessf5@abc.net.au- M- Chief Design Engineer- Khmer- hjessf5
547 - Worden - Siret- wsiretf6@cyberchimps.com- M- Dental Hygienist- Albanian- wsiretf6
548 - Jeanelle - Spleving- jsplevingf7@plala.or.jp- F- Civil Engineer- Maltese- jsplevingf7
549 - Clair - O'Corhane- cocorhanef8@diigo.com- F- Human Resources Assistant I- Kazakh- cocorhanef8
550 - Mauricio - Bickersteth- mbickerstethf9@dion.ne.jp- M- Physical Therapy Assistant- Tetum- mbickerstethf9
551 - Roch - Gilham- rgilhamfa@unblog.fr- F- Nuclear Power Engineer- Punjabi- rgilhamfa
552 - Elfreda - Lamburn- elamburnfb@nydailynews.com- F- Human Resources Assistant IV- Luxembourgish- elamburnfb
553 - Paulina - Griston- pgristonfc@netvibes.com- F- Account Coordinator- Maltese- pgristonfc
554 - Davide - Winstanley- dwinstanleyfd@trellian.com- M- Account Coordinator- Japanese- dwinstanleyfd
555 - Tiena - Brasner- tbrasnerfe@illinois.edu- F- Community Outreach Specialist- Portuguese- tbrasnerfe
556 - Rodger - Scrivener- rscrivenerff@pcworld.com- M- Sales Associate- Georgian- rscrivenerff
557 - Vincenty - Seeman- vseemanfg@facebook.com- M- Legal Assistant- Greek- vseemanfg
558 - Natty - Haggith- nhaggithfh@uol.com.br- F- Compensation Analyst- Portuguese- nhaggithfh
559 - Somerset - Paddingdon- spaddingdonfi@slideshare.net- M- Analog Circuit Design manager- Bengali- spaddingdonfi
560 - Ron - Hambrick- rhambrickfj@over-blog.com- M- Graphic Designer- Thai- rhambrickfj
561 - Flo - Dougharty- fdoughartyfk@miitbeian.gov.cn- F- Editor- Ndebele- fdoughartyfk
562 - Diarmid - Mollison- dmollisonfl@wunderground.com- M- Accounting Assistant III- Somali- dmollisonfl
563 - Wendye - Massenhove- wmassenhovefm@geocities.jp- F- Account Coordinator- Dari- wmassenhovefm
564 - Franni - Dossit- fdossitfn@youtu.be- F- Biostatistician IV- English- fdossitfn
565 - Grace - Isselee- gisseleefo@tinypic.com- M- Sales Associate- Belarusian- gisseleefo
566 - Winthrop - Dimblebee- wdimblebeefp@msn.com- M- Teacher- Romanian- wdimblebeefp
567 - Nichole - Antley- nantleyfq@wsj.com- F- Analyst Programmer- Greek- nantleyfq
568 - Vite - Dury- vduryfr@ycombinator.com- M- Automation Specialist IV- Estonian- vduryfr
569 - Karoly - Mongeot- kmongeotfs@oracle.com- F- Recruiter- Dutch- kmongeotfs
570 - Kari - Noriega- knoriegaft@archive.org- F- Geological Engineer- English- knoriegaft
571 - Blondie - Waskett- bwaskettfu@scientificamerican.com- F- VP Marketing- Bengali- bwaskettfu
572 - Upton - Currie- ucurriefv@ycombinator.com- M- Budget/Accounting Analyst I- Filipino- ucurriefv
573 - Nicoli - Espino- nespinofw@bloomberg.com- F- Analog Circuit Design manager- Tswana- nespinofw
574 - Elnora - Lofts- eloftsfx@samsung.com- F- Biostatistician I- Bosnian- eloftsfx
575 - Guillermo - Foxcroft- gfoxcroftfy@liveinternet.ru- M- Chief Design Engineer- Estonian- gfoxcroftfy
576 - Cleavland - Heugle- cheuglefz@jigsy.com- M- Media Manager III- Swati- cheuglefz
577 - Adrianna - Caldeiro- acaldeirog0@arizona.edu- F- Operator- Azeri- acaldeirog0
578 - Ilyssa - Baxstare- ibaxstareg1@rakuten.co.jp- F- Software Test Engineer I- Belarusian- ibaxstareg1
579 - Cindra - Beames- cbeamesg2@pcworld.com- F- Assistant Professor- Haitian Creole- cbeamesg2
580 - Randie - Zink- rzinkg3@cyberchimps.com- M- Marketing Assistant- Malagasy- rzinkg3
581 - Ruth - Detloff- rdetloffg4@blog.com- F- Automation Specialist I- Kurdish- rdetloffg4
582 - Jacquette - Koppen- jkoppeng5@businessweek.com- F- Recruiter- Czech- jkoppeng5
583 - Even - Droogan- edroogang6@indiegogo.com- M- Civil Engineer- Bulgarian- edroogang6
584 - Julius - Taynton- jtayntong7@mysql.com- M- Social Worker- Montenegrin- jtayntong7
585 - Johny - Boich- jboichg8@intel.com- M- General Manager- Ndebele- jboichg8
586 - Ryann - Philippet- rphilippetg9@yelp.com- F- Statistician IV- Burmese- rphilippetg9
587 - Nady - McEvilly- nmcevillyga@amazon.co.uk- F- Research Assistant I- Bosnian- nmcevillyga
588 - Yulma - Pinn- ypinngb@ftc.gov- M- Analyst Programmer- Telugu- ypinngb
589 - Ofelia - Docksey- odockseygc@google.com.hk- F- Marketing Manager- Greek- odockseygc
590 - Harrie - Scoggins- hscogginsgd@parallels.com- F- Operator- Northern Sotho- hscogginsgd
591 - Lilli - Bernlin- lbernlinge@netlog.com- F- Tax Accountant- Greek- lbernlinge
592 - Thorsten - Gemlett- tgemlettgf@europa.eu- M- Marketing Assistant- Tsonga- tgemlettgf
593 - Luz - Giacomazzo- lgiacomazzogg@wikispaces.com- F- Developer I- Kashmiri- lgiacomazzogg
594 - Aldis - Faircliffe- afaircliffegh@sourceforge.net- M- Accountant I- Lithuanian- afaircliffegh
595 - Lanni - Crowdace- lcrowdacegi@about.com- F- Occupational Therapist- Korean- lcrowdacegi
596 - Guillemette - Leavold- gleavoldgj@weather.com- F- Senior Developer- Malagasy- gleavoldgj
597 - Gradeigh - Silby- gsilbygk@bbb.org- M- Cost Accountant- Ndebele- gsilbygk
598 - Milli - Mokes- mmokesgl@dell.com- F- Senior Financial Analyst- Tamil- mmokesgl
599 - Kayne - Doorbar- kdoorbargm@example.com- M- Design Engineer- Marathi- kdoorbargm
600 - Tove - Glossop- tglossopgn@addtoany.com- F- Assistant Professor- Luxembourgish- tglossopgn
601 - Alethea - Bettison- abettisongo@domainmarket.com- F- Statistician II- French- abettisongo
602 - Chaunce - Leaves- cleavesgp@hostgator.com- M- VP Product Management- French- cleavesgp
603 - Nanete - Ding- ndinggq@dedecms.com- F- Safety Technician I- Guaraní- ndinggq
604 - Orrin - Cluse- oclusegr@shutterfly.com- M- Senior Financial Analyst- Catalan- oclusegr
605 - Fergus - Suffield- fsuffieldgs@woothemes.com- M- Marketing Assistant- Persian- fsuffieldgs
606 - Jerrilyn - Cleatherow- jcleatherowgt@omniture.com- F- Occupational Therapist- Tswana- jcleatherowgt
607 - Brett - Bohike- bbohikegu@epa.gov- F- Desktop Support Technician- Kannada- bbohikegu
608 - Zacharias - Ream- zreamgv@va.gov- M- Food Chemist- Macedonian- zreamgv
609 - Marney - Calam- mcalamgw@sitemeter.com- F- Product Engineer- Kannada- mcalamgw
610 - Tommy - Cathesyed- tcathesyedgx@google.de- M- Graphic Designer- Spanish- tcathesyedgx
611 - Edik - Zorzi- ezorzigy@zdnet.com- M- Mechanical Systems Engineer- Bosnian- ezorzigy
612 - Oriana - Krysztofiak- okrysztofiakgz@tamu.edu- F- Analyst Programmer- Croatian- okrysztofiakgz
613 - Jorry - Durrant- jdurranth0@prnewswire.com- F- Professor- Spanish- jdurranth0
614 - Wilone - Davidowich- wdavidowichh1@over-blog.com- F- Legal Assistant- Mongolian- wdavidowichh1
615 - Reynard - MacAlaster- rmacalasterh2@lulu.com- M- Executive Secretary- Thai- rmacalasterh2
616 - Waverley - Crouch- wcrouchh3@smugmug.com- M- Compensation Analyst- Tok Pisin- wcrouchh3
617 - Cicely - Frear- cfrearh4@unicef.org- F- Structural Engineer- Bislama- cfrearh4
618 - Lenka - Langsbury- llangsburyh5@ft.com- F- Business Systems Development Analyst- Fijian- llangsburyh5
619 - Randall - Smallpeice- rsmallpeiceh6@forbes.com- M- Payment Adjustment Coordinator- Marathi- rsmallpeiceh6
620 - Jandy - Wallbanks- jwallbanksh7@theatlantic.com- F- Account Coordinator- Latvian- jwallbanksh7
621 - Titus - Ritter- tritterh8@addthis.com- M- Nurse- Khmer- tritterh8
622 - Morgun - Manketell- mmanketellh9@nba.com- M- Nurse- French- mmanketellh9
623 - Brande - Levi- bleviha@tmall.com- F- Senior Sales Associate- Romanian- bleviha
624 - Olav - Fuggle- ofugglehb@cam.ac.uk- M- Compensation Analyst- Kurdish- ofugglehb
625 - Tierney - Northwood- tnorthwoodhc@ucoz.ru- F- Executive Secretary- Thai- tnorthwoodhc
626 - Sileas - Daley- sdaleyhd@usgs.gov- F- Junior Executive- Kazakh- sdaleyhd
627 - Jedidiah - Frew- jfrewhe@vk.com- M- Account Representative I- Tajik- jfrewhe
628 - Alon - Gudge- agudgehf@dyndns.org- M- Budget/Accounting Analyst III- Macedonian- agudgehf
629 - Layla - Jacquet- ljacquethg@amazon.co.jp- F- Community Outreach Specialist- Czech- ljacquethg
630 - Dasha - Shard- dshardhh@live.com- F- Cost Accountant- Tsonga- dshardhh
631 - Wendy - Wakes- wwakeshi@gravatar.com- F- Web Developer III- Aymara- wwakeshi
632 - Karlen - Mozzini- kmozzinihj@clickbank.net- F- Statistician IV- Tok Pisin- kmozzinihj
633 - Patrice - Aylmer- paylmerhk@vinaora.com- F- Clinical Specialist- Afrikaans- paylmerhk
634 - Loren - Dudlestone- ldudlestonehl@taobao.com- F- Actuary- Malagasy- ldudlestonehl
635 - Baird - Chattoe- bchattoehm@slideshare.net- M- Dental Hygienist- Persian- bchattoehm
636 - Nickolai - Humpatch- nhumpatchhn@ed.gov- M- Media Manager II- Korean- nhumpatchhn
637 - Skelly - Sokill- ssokillho@blogger.com- M- Engineer I- Luxembourgish- ssokillho
638 - Neal - Trotton- ntrottonhp@google.com.hk- M- Nurse Practicioner- Aymara- ntrottonhp
639 - Read - Orpen- rorpenhq@netscape.com- M- Dental Hygienist- Georgian- rorpenhq
640 - Rhiamon - Tournie- rtourniehr@miitbeian.gov.cn- F- VP Quality Control- Burmese- rtourniehr
641 - Guillaume - Limmer- glimmerhs@reuters.com- M- Librarian- Telugu- glimmerhs
642 - Eldredge - Capaldi- ecapaldiht@123-reg.co.uk- M- Human Resources Assistant III- Swahili- ecapaldiht
643 - Benedikt - Daley- bdaleyhu@skyrock.com- M- Programmer II- Dzongkha- bdaleyhu
644 - Tyrus - Cearley- tcearleyhv@prweb.com- M- Food Chemist- Hungarian- tcearleyhv
645 - Mattias - Bugbee- mbugbeehw@about.me- M- Teacher- Fijian- mbugbeehw
646 - Casandra - Kienlein- ckienleinhx@umich.edu- F- Associate Professor- West Frisian- ckienleinhx
647 - Naomi - Ailmer- nailmerhy@addthis.com- F- Assistant Professor- Bislama- nailmerhy
648 - Edvard - Kerslake- ekerslakehz@webs.com- M- Account Executive- Tamil- ekerslakehz
649 - Arden - Murden- amurdeni0@blog.com- F- Chemical Engineer- Indonesian- amurdeni0
650 - Jone - Astley- jastleyi1@sitemeter.com- M- Nurse Practicioner- Pashto- jastleyi1
651 - Babette - Creamer- bcreameri2@arizona.edu- F- Senior Sales Associate- Dzongkha- bcreameri2
652 - Fonz - Thorowgood- fthorowgoodi3@meetup.com- M- Compensation Analyst- Greek- fthorowgoodi3
653 - Curtis - Reimers- creimersi4@acquirethisname.com- M- Business Systems Development Analyst- Swedish- creimersi4
654 - Ky - Freyn- kfreyni5@fda.gov- M- Financial Advisor- English- kfreyni5
655 - Filip - Burnip- fburnipi6@devhub.com- M- Nuclear Power Engineer- Armenian- fburnipi6
656 - Gabbey - Kubacek- gkubaceki7@instagram.com- F- Senior Cost Accountant- Luxembourgish- gkubaceki7
657 - Seward - Heller- shelleri8@google.co.uk- M- Human Resources Manager- Romanian- shelleri8
658 - Nollie - Benedidick- nbenedidicki9@nydailynews.com- F- Project Manager- Indonesian- nbenedidicki9
659 - Juliette - Sambiedge- jsambiedgeia@ihg.com- F- Web Designer III- Norwegian- jsambiedgeia
660 - Ethan - Louth- elouthib@ebay.co.uk- M- Analyst Programmer- Punjabi- elouthib
661 - Wilona - Sharman- wsharmanic@amazonaws.com- F- Teacher- Latvian- wsharmanic
662 - Gino - McKag- gmckagid@aol.com- M- Editor- Greek- gmckagid
663 - Dedra - Cassy- dcassyie@msu.edu- F- Media Manager II- Albanian- dcassyie
664 - Lukas - Simion- lsimionif@telegraph.co.uk- M- Administrative Assistant I- Assamese- lsimionif
665 - Marion - Hedling- mhedlingig@illinois.edu- M- Nuclear Power Engineer- Punjabi- mhedlingig
666 - Kippy - McGaughie- kmcgaughieih@qq.com- M- Senior Editor- Chinese- kmcgaughieih
667 - Jeffry - Eskriet- jeskrietii@sourceforge.net- M- Design Engineer- Lithuanian- jeskrietii
668 - Paddie - Brammall- pbrammallij@ox.ac.uk- M- Nuclear Power Engineer- Gujarati- pbrammallij
669 - Laraine - Carncross- lcarncrossik@hud.gov- F- Executive Secretary- Luxembourgish- lcarncrossik
670 - Doralia - Fanthom- dfanthomil@hibu.com- F- Editor- Quechua- dfanthomil
671 - Fara - Barbrick- fbarbrickim@telegraph.co.uk- F- Research Associate- Estonian- fbarbrickim
672 - Tremayne - Novacek- tnovacekin@google.ru- M- Nurse Practicioner- Portuguese- tnovacekin
673 - Gladi - Moralis- gmoralisio@reference.com- F- VP Marketing- Dzongkha- gmoralisio
674 - Lianna - Kirgan- lkirganip@fema.gov- F- Programmer Analyst III- Kashmiri- lkirganip
675 - Jameson - Josham- jjoshamiq@ucsd.edu- M- Help Desk Technician- Irish Gaelic- jjoshamiq
676 - Lynnette - Bourgaize- lbourgaizeir@ted.com- F- Help Desk Technician- Dutch- lbourgaizeir
677 - Ivett - Knowlson- iknowlsonis@homestead.com- F- Speech Pathologist- Hebrew- iknowlsonis
678 - Woodman - Huffadine- whuffadineit@newyorker.com- M- Financial Advisor- Thai- whuffadineit
679 - Tandie - Bryceson- tbrycesoniu@163.com- F- Budget/Accounting Analyst IV- Azeri- tbrycesoniu
680 - Putnam - Donnel- pdonneliv@kickstarter.com- M- Accounting Assistant I- German- pdonneliv
681 - Robers - Crinion- rcrinioniw@sbwire.com- M- Staff Scientist- Moldovan- rcrinioniw
682 - Pebrook - Abelwhite- pabelwhiteix@csmonitor.com- M- Programmer Analyst I- Sotho- pabelwhiteix
683 - Haleigh - Pering- hperingiy@hibu.com- M- Research Nurse- Norwegian- hperingiy
684 - Bertha - Manes- bmanesiz@uiuc.edu- F- Automation Specialist III- Montenegrin- bmanesiz
685 - Ilysa - Ebbers- iebbersj0@europa.eu- F- Computer Systems Analyst IV- Fijian- iebbersj0
686 - Boone - Troop- btroopj1@blogs.com- M- VP Quality Control- English- btroopj1
687 - Katrina - Sollowaye- ksollowayej2@amazon.com- F- Graphic Designer- Hiri Motu- ksollowayej2
688 - Basile - Kneath- bkneathj3@dagondesign.com- M- Senior Financial Analyst- Ndebele- bkneathj3
689 - Felike - Wemes- fwemesj4@angelfire.com- M- Software Consultant- Kashmiri- fwemesj4
690 - Rolland - Shatliff- rshatliffj5@slideshare.net- M- Biostatistician I- English- rshatliffj5
691 - Deena - Edie- dediej6@over-blog.com- F- Operator- New Zealand Sign Language- dediej6
692 - Trace - McSparran- tmcsparranj7@zimbio.com- M- Junior Executive- Chinese- tmcsparranj7
693 - Dorolisa - Howett- dhowettj8@hibu.com- F- Tax Accountant- Arabic- dhowettj8
694 - Othello - Cloughton- ocloughtonj9@theglobeandmail.com- M- Research Assistant II- Kannada- ocloughtonj9
695 - Lincoln - Genders- lgendersja@networkadvertising.org- M- Environmental Specialist- Nepali- lgendersja
696 - Katharine - Ridings- kridingsjb@cnn.com- F- Analog Circuit Design manager- Albanian- kridingsjb
697 - Cris - Aubin- caubinjc@guardian.co.uk- F- Financial Analyst- Icelandic- caubinjc
698 - Norrie - Anstie- nanstiejd@businesswire.com- M- Professor- Thai- nanstiejd
699 - Tami - Bortol- tbortolje@skyrock.com- F- Assistant Media Planner- Zulu- tbortolje
700 - Mickie - Eveling- mevelingjf@facebook.com- M- Human Resources Assistant III- Nepali- mevelingjf
701 - Rhona - Swayte- rswaytejg@google.com.hk- F- Human Resources Assistant I- English- rswaytejg
702 - Charles - McCoveney- cmccoveneyjh@guardian.co.uk- M- Actuary- Maltese- cmccoveneyjh
703 - Melloney - Currall- mcurrallji@digg.com- F- Mechanical Systems Engineer- Dutch- mcurrallji
704 - Korrie - Clericoates- kclericoatesjj@wikimedia.org- F- Software Engineer II- Montenegrin- kclericoatesjj
705 - Oby - Lanyon- olanyonjk@soup.io- M- Marketing Assistant- Moldovan- olanyonjk
706 - Alaric - Scruton- ascrutonjl@hubpages.com- M- Dental Hygienist- Hindi- ascrutonjl
707 - Cristina - Gehrtz- cgehrtzjm@mozilla.org- F- VP Accounting- Tamil- cgehrtzjm
708 - Derron - Durran- ddurranjn@yahoo.co.jp- M- Budget/Accounting Analyst III- Aymara- ddurranjn
709 - Michelle - O'Kuddyhy- mokuddyhyjo@google.com.hk- F- Analog Circuit Design manager- Malagasy- mokuddyhyjo
710 - Carlotta - Denver- cdenverjp@webnode.com- F- Speech Pathologist- Somali- cdenverjp
711 - Reggi - Chimienti- rchimientijq@prlog.org- F- Geological Engineer- Azeri- rchimientijq
712 - Ariella - Cherrison- acherrisonjr@princeton.edu- F- Data Coordiator- Tok Pisin- acherrisonjr
713 - Stoddard - Cicchinelli- scicchinellijs@yolasite.com- F- Teacher- Gagauz- scicchinellijs
714 - Mariquilla - Gebb- mgebbjt@ameblo.jp- F- Staff Scientist- Nepali- mgebbjt
715 - Fifine - Conniam- fconniamju@odnoklassniki.ru- F- Account Executive- Yiddish- fconniamju
716 - Rheba - Vonderdell- rvonderdelljv@yellowpages.com- F- Geologist III- Irish Gaelic- rvonderdelljv
717 - Troy - Seine- tseinejw@purevolume.com- M- Payment Adjustment Coordinator- Tajik- tseinejw
718 - Clement - Landeaux- clandeauxjx@google.ru- M- Developer III- Latvian- clandeauxjx
719 - Tracey - Lenihan- tlenihanjy@cloudflare.com- F- Biostatistician III- Lithuanian- tlenihanjy
720 - Lilia - Caldicot- lcaldicotjz@paypal.com- F- Junior Executive- Norwegian- lcaldicotjz
721 - Arv - Janowicz- ajanowiczk0@jalbum.net- M- VP Product Management- West Frisian- ajanowiczk0
722 - Marena - Tabor- mtabork1@reference.com- F- VP Product Management- Filipino- mtabork1
723 - Audy - Scain- ascaink2@sourceforge.net- F- Product Engineer- Tswana- ascaink2
724 - Karlie - Scoterbosh- kscoterboshk3@studiopress.com- F- Graphic Designer- Afrikaans- kscoterboshk3
725 - Stephani - Catterill- scatterillk4@engadget.com- F- Financial Analyst- Moldovan- scatterillk4
726 - Sheffy - Curtois- scurtoisk5@4shared.com- M- Web Designer II- Telugu- scurtoisk5
727 - Maggy - Ivasechko- mivasechkok6@unicef.org- F- Business Systems Development Analyst- Sotho- mivasechkok6
728 - Rriocard - Zuanelli- rzuanellik7@nih.gov- M- Director of Sales- Thai- rzuanellik7
729 - Denver - Braywood- dbraywoodk8@nifty.com- M- Compensation Analyst- Swahili- dbraywoodk8
730 - Jayme - Cordingley- jcordingleyk9@fc2.com- F- Community Outreach Specialist- Filipino- jcordingleyk9
731 - Cherry - De Bernardis- cdebernardiska@elegantthemes.com- F- Nurse- Macedonian- cdebernardiska
732 - Sherman - Dowzell- sdowzellkb@umich.edu- M- Web Designer II- Tajik- sdowzellkb
733 - Had - Gerrit- hgerritkc@sphinn.com- M- Assistant Professor- Albanian- hgerritkc
734 - Anne-corinne - Selly- asellykd@i2i.jp- F- Senior Editor- Tsonga- asellykd
735 - Dorita - Siene- dsieneke@cam.ac.uk- F- Food Chemist- Spanish- dsieneke
736 - Waylen - Christopher- wchristopherkf@yandex.ru- M- Budget/Accounting Analyst II- Telugu- wchristopherkf
737 - Aubrette - Penfold- apenfoldkg@yandex.ru- F- Assistant Manager- Montenegrin- apenfoldkg
738 - Beryle - Affleck- baffleckkh@wix.com- F- Assistant Manager- Tsonga- baffleckkh
739 - Lonnie - Kembley- lkembleyki@businessweek.com- M- Administrative Assistant IV- Tok Pisin- lkembleyki
740 - Stevy - Thompstone- sthompstonekj@simplemachines.org- M- Pharmacist- Hiri Motu- sthompstonekj
741 - Tallie - Northill- tnorthillkk@reddit.com- F- VP Sales- Bislama- tnorthillkk
742 - Filide - Chipperfield- fchipperfieldkl@sina.com.cn- F- Financial Analyst- Italian- fchipperfieldkl
743 - Case - Aasaf- caasafkm@princeton.edu- M- Tax Accountant- English- caasafkm
744 - Elianore - Thomsen- ethomsenkn@hugedomains.com- F- Social Worker- Lao- ethomsenkn
745 - Chicky - Canellas- ccanellasko@vk.com- M- Social Worker- Persian- ccanellasko
746 - Hercule - Townrow- htownrowkp@biblegateway.com- M- Research Assistant IV- Malagasy- htownrowkp
747 - Arin - Looker- alookerkq@pinterest.com- M- Programmer Analyst II- Ndebele- alookerkq
748 - Rheta - Kellitt- rkellittkr@weather.com- F- Structural Engineer- Dari- rkellittkr
749 - Kessia - Pirelli- kpirelliks@qq.com- F- Project Manager- Tswana- kpirelliks
750 - Twyla - Pettko- tpettkokt@digg.com- F- Information Systems Manager- Amharic- tpettkokt
751 - Angelia - Smurthwaite- asmurthwaiteku@geocities.com- F- Senior Editor- Chinese- asmurthwaiteku
752 - Duke - Klaassens- dklaassenskv@whitehouse.gov- M- Biostatistician IV- Hindi- dklaassenskv
753 - Tobit - Dunne- tdunnekw@nih.gov- M- Civil Engineer- Tajik- tdunnekw
754 - Tulley - Giacobillo- tgiacobillokx@tinypic.com- M- Analog Circuit Design manager- Dutch- tgiacobillokx
755 - Fan - Wagnerin- fwagnerinky@buzzfeed.com- F- Budget/Accounting Analyst I- Punjabi- fwagnerinky
756 - Charil - Spawforth- cspawforthkz@blogger.com- F- Project Manager- Lithuanian- cspawforthkz
757 - Fannie - Scawn- fscawnl0@who.int- F- VP Marketing- Kashmiri- fscawnl0
758 - Jaclin - McTaggart- jmctaggartl1@vk.com- F- Technical Writer- Afrikaans- jmctaggartl1
759 - Burg - Wicklin- bwicklinl2@cloudflare.com- M- Sales Representative- Montenegrin- bwicklinl2
760 - Benjy - Akett- bakettl3@google.com.au- M- Assistant Media Planner- Swati- bakettl3
761 - Fleur - Lammenga- flammengal4@godaddy.com- F- Legal Assistant- Gagauz- flammengal4
762 - Jenilee - Ben- jbenl5@topsy.com- F- Design Engineer- Hiri Motu- jbenl5
763 - Clarence - Olley- colleyl6@ed.gov- M- Business Systems Development Analyst- Amharic- colleyl6
764 - Irena - Backman- ibackmanl7@hao123.com- F- Software Consultant- Afrikaans- ibackmanl7
765 - Ellery - Highman- ehighmanl8@jimdo.com- M- Assistant Media Planner- Spanish- ehighmanl8
766 - Milty - Colegate- mcolegatel9@istockphoto.com- M- Chemical Engineer- Sotho- mcolegatel9
767 - Leoline - Kearney- lkearneyla@sogou.com- F- Sales Associate- Yiddish- lkearneyla
768 - Brynn - Giscken- bgisckenlb@biblegateway.com- F- VP Quality Control- Croatian- bgisckenlb
769 - Delora - Fellibrand- dfellibrandlc@seattletimes.com- F- Web Developer II- Oriya- dfellibrandlc
770 - Justino - Tallboy- jtallboyld@sogou.com- M- Senior Cost Accountant- Hindi- jtallboyld
771 - Englebert - Gowrich- egowrichle@chronoengine.com- M- Teacher- English- egowrichle
772 - Renata - Bog- rboglf@forbes.com- F- Nuclear Power Engineer- Somali- rboglf
773 - Shel - Tillerton- stillertonlg@epa.gov- F- Recruiting Manager- Papiamento- stillertonlg
774 - Saleem - Corrao- scorraolh@miibeian.gov.cn- M- Software Consultant- Azeri- scorraolh
775 - Yankee - Matelyunas- ymatelyunasli@cmu.edu- M- Paralegal- English- ymatelyunasli
776 - Liam - Tattersill- ltattersilllj@t-online.de- M- Office Assistant II- Portuguese- ltattersilllj
777 - Zolly - Nulty- znultylk@dion.ne.jp- M- Statistician IV- Northern Sotho- znultylk
778 - Dwight - Munning- dmunningll@shutterfly.com- M- Account Coordinator- Tswana- dmunningll
779 - Trever - Boshard- tboshardlm@archive.org- M- Internal Auditor- Pashto- tboshardlm
780 - Toinette - Keveren- tkeverenln@odnoklassniki.ru- F- Civil Engineer- Spanish- tkeverenln
781 - Lilly - McPhater- lmcphaterlo@arstechnica.com- F- Sales Representative- French- lmcphaterlo
782 - Ulrika - Mallan- umallanlp@patch.com- F- Graphic Designer- Armenian- umallanlp
783 - Veriee - Rickett- vrickettlq@businessweek.com- F- Analyst Programmer- Afrikaans- vrickettlq
784 - Mandie - Mattecot- mmattecotlr@wufoo.com- F- Quality Control Specialist- Persian- mmattecotlr
785 - Elisabetta - Scanlon- escanlonls@sogou.com- F- Marketing Assistant- Dari- escanlonls
786 - Burgess - Joynt- bjoyntlt@altervista.org- M- Desktop Support Technician- Assamese- bjoyntlt
787 - Harmonia - Brandoni- hbrandonilu@pinterest.com- F- Recruiting Manager- Sotho- hbrandonilu
788 - Hale - Pullin- hpullinlv@cornell.edu- M- Graphic Designer- Ndebele- hpullinlv
789 - Hewie - Bosman- hbosmanlw@omniture.com- M- Actuary- Northern Sotho- hbosmanlw
790 - Dud - Mingardi- dmingardilx@addtoany.com- M- Administrative Officer- Zulu- dmingardilx
791 - Jeramie - Edon- jedonly@moonfruit.com- M- Librarian- Somali- jedonly
792 - Beverly - Hallsworth- bhallsworthlz@adobe.com- F- Web Designer II- Amharic- bhallsworthlz
793 - Karalee - Haggleton- khaggletonm0@rakuten.co.jp- F- Senior Editor- Swedish- khaggletonm0
794 - Antoine - Sheardown- asheardownm1@merriam-webster.com- M- Assistant Professor- Aymara- asheardownm1
795 - Christabella - Sidnall- csidnallm2@squarespace.com- F- Social Worker- Kazakh- csidnallm2
796 - Glen - Vogl- gvoglm3@home.pl- M- Teacher- Malayalam- gvoglm3
797 - Stoddard - Valintine- svalintinem4@globo.com- F- Software Test Engineer IV- Fijian- svalintinem4
798 - Marissa - Toping- mtopingm5@thetimes.co.uk- F- General Manager- Swahili- mtopingm5
799 - Selle - Blazhevich- sblazhevichm6@weather.com- F- Associate Professor- Arabic- sblazhevichm6
800 - Dido - Bett- dbettm7@deliciousdays.com- F- Clinical Specialist- Filipino- dbettm7
801 - Ginnifer - Corsor- gcorsorm8@google.com.au- F- Mechanical Systems Engineer- English- gcorsorm8
802 - Kenton - Axon- kaxonm9@ca.gov- M- Teacher- New Zealand Sign Language- kaxonm9
803 - Carilyn - Rego- cregoma@unesco.org- F- Research Assistant I- Filipino- cregoma
804 - Ashely - Shevill- ashevillmb@smugmug.com- F- Software Engineer I- Romanian- ashevillmb
805 - Gerry - Lait- glaitmc@bizjournals.com- M- Systems Administrator IV- Polish- glaitmc
806 - Glory - Gawith- ggawithmd@economist.com- F- Director of Sales- Dzongkha- ggawithmd
807 - Tanitansy - Danilchik- tdanilchikme@wordpress.org- F- VP Sales- Aymara- tdanilchikme
808 - Tamma - Hinge- thingemf@godaddy.com- F- Accountant II- Punjabi- thingemf
809 - Rog - Varden- rvardenmg@ycombinator.com- M- VP Accounting- Ndebele- rvardenmg
810 - Johannes - Matterface- jmatterfacemh@unicef.org- M- Research Assistant IV- New Zealand Sign Language- jmatterfacemh
811 - Filbert - Littlejohns- flittlejohnsmi@hao123.com- M- Senior Financial Analyst- Oriya- flittlejohnsmi
812 - Jorie - Jaray- jjaraymj@fc2.com- F- Database Administrator II- Bosnian- jjaraymj
813 - Shawn - Aubert- saubertmk@cyberchimps.com- F- Financial Analyst- Bengali- saubertmk
814 - Gery - Cristea- gcristeaml@apple.com- M- Database Administrator IV- English- gcristeaml
815 - Jamima - Barkshire- jbarkshiremm@hibu.com- F- General Manager- Malayalam- jbarkshiremm
816 - Julissa - Tonkin- jtonkinmn@cbc.ca- F- Associate Professor- Bulgarian- jtonkinmn
817 - Arvy - Sydney- asydneymo@geocities.jp- M- Recruiting Manager- Azeri- asydneymo
818 - Roxana - Tolmie- rtolmiemp@webmd.com- F- Sales Associate- Tsonga- rtolmiemp
819 - Ashly - Ferrige- aferrigemq@hostgator.com- F- Help Desk Technician- West Frisian- aferrigemq
820 - Ardene - Summerlee- asummerleemr@dmoz.org- F- Software Test Engineer II- Croatian- asummerleemr
821 - Willetta - Coggins- wcogginsms@ftc.gov- F- Analog Circuit Design manager- Hungarian- wcogginsms
822 - Bryce - Sears- bsearsmt@buzzfeed.com- M- Staff Accountant III- Papiamento- bsearsmt
823 - Dimitry - Leijs- dleijsmu@drupal.org- M- Librarian- Māori- dleijsmu
824 - Kathy - Scamwell- kscamwellmv@loc.gov- F- Software Consultant- Bosnian- kscamwellmv
825 - Arnie - Millier- amilliermw@hexun.com- M- Budget/Accounting Analyst II- Catalan- amilliermw
826 - Maynard - Worviell- mworviellmx@redcross.org- M- Clinical Specialist- Icelandic- mworviellmx
827 - Neils - Barling- nbarlingmy@ftc.gov- M- Executive Secretary- Kannada- nbarlingmy
828 - Rutherford - Camelia- rcameliamz@wsj.com- M- Nurse- Tsonga- rcameliamz
829 - Kerk - Schumacher- kschumachern0@comcast.net- M- Chemical Engineer- Polish- kschumachern0
830 - Kasey - Peealess- kpeealessn1@google.nl- F- Civil Engineer- Tajik- kpeealessn1
831 - Griffin - Andrioni- gandrionin2@pagesperso-orange.fr- M- Mechanical Systems Engineer- Kashmiri- gandrionin2
832 - Husain - Coatman- hcoatmann3@who.int- M- Structural Analysis Engineer- Northern Sotho- hcoatmann3
833 - Lorinda - Friedenbach- lfriedenbachn4@goo.ne.jp- F- Recruiter- Guaraní- lfriedenbachn4
834 - Mozelle - Melhuish- mmelhuishn5@booking.com- F- Programmer II- Fijian- mmelhuishn5
835 - Freedman - Arnoll- farnolln6@umich.edu- M- Payment Adjustment Coordinator- Papiamento- farnolln6
836 - Jordon - Kimber- jkimbern7@buzzfeed.com- M- Web Designer IV- Danish- jkimbern7
837 - Hephzibah - Barson- hbarsonn8@macromedia.com- F- Sales Representative- Czech- hbarsonn8
838 - Gordan - Klich- gklichn9@dagondesign.com- M- Marketing Manager- Lithuanian- gklichn9
839 - Bradley - Giovannazzi- bgiovannazzina@google.de- M- Accountant III- Luxembourgish- bgiovannazzina
840 - Fran - Haswell- fhaswellnb@economist.com- F- Nuclear Power Engineer- Montenegrin- fhaswellnb
841 - Florentia - Elsom- felsomnc@is.gd- F- VP Sales- Albanian- felsomnc
842 - Josie - Phettis- jphettisnd@jalbum.net- F- Project Manager- Tswana- jphettisnd
843 - Scarface - Dudek- sdudekne@booking.com- M- Help Desk Operator- Azeri- sdudekne
844 - Lindsay - Measor- lmeasornf@nydailynews.com- M- Programmer IV- Azeri- lmeasornf
845 - Roze - Rispen- rrispenng@google.cn- F- VP Product Management- Lithuanian- rrispenng
846 - Janis - Yosevitz- jyosevitznh@meetup.com- F- Budget/Accounting Analyst III- Polish- jyosevitznh
847 - Drucill - McGarrie- dmcgarrieni@webnode.com- F- Registered Nurse- Hindi- dmcgarrieni
848 - Erasmus - Beddall- ebeddallnj@163.com- M- Web Designer II- Portuguese- ebeddallnj
849 - Maude - Feaveryear- mfeaveryearnk@fotki.com- F- Librarian- Punjabi- mfeaveryearnk
850 - Garvey - Aspinal- gaspinalnl@tinypic.com- M- Executive Secretary- Finnish- gaspinalnl
851 - Dari - Newbury- dnewburynm@goo.gl- F- Sales Associate- Arabic- dnewburynm
852 - Adoree - Sergent- asergentnn@nymag.com- F- Registered Nurse- Hiri Motu- asergentnn
853 - Aurore - Cornilleau- acornilleauno@cnet.com- F- Recruiter- Khmer- acornilleauno
854 - Arther - Goddman- agoddmannp@eepurl.com- M- Registered Nurse- Punjabi- agoddmannp
855 - Wilbert - Suttell- wsuttellnq@wikia.com- M- Registered Nurse- Moldovan- wsuttellnq
856 - Ximenez - Cloke- xclokenr@pcworld.com- M- Data Coordiator- Punjabi- xclokenr
857 - Aymer - Standall- astandallns@usgs.gov- M- Nurse Practicioner- West Frisian- astandallns
858 - Mallissa - Grove- mgrovent@blogtalkradio.com- F- Assistant Media Planner- Armenian- mgrovent
859 - Kacy - Membry- kmembrynu@paypal.com- F- Administrative Assistant I- Hungarian- kmembrynu
860 - Keelby - Reast- kreastnv@answers.com- M- Chemical Engineer- Ndebele- kreastnv
861 - Dedie - Rozenzweig- drozenzweignw@geocities.jp- F- Programmer Analyst III- Lithuanian- drozenzweignw
862 - Dosi - Gooderidge- dgooderidgenx@tiny.cc- F- Account Representative III- French- dgooderidgenx
863 - Giana - Gilbane- ggilbaneny@shareasale.com- F- Senior Sales Associate- Luxembourgish- ggilbaneny
864 - Ebenezer - Barrett- ebarrettnz@ihg.com- M- Account Coordinator- French- ebarrettnz
865 - Darcy - Fern- dferno0@gnu.org- M- Data Coordiator- Tsonga- dferno0
866 - Nichole - Wetherell- nwetherello1@de.vu- M- Executive Secretary- Finnish- nwetherello1
867 - Fernando - Huddles- fhuddleso2@zdnet.com- M- Quality Control Specialist- Armenian- fhuddleso2
868 - Melania - Shipsey- mshipseyo3@eepurl.com- F- Registered Nurse- Somali- mshipseyo3
869 - Adela - Ivanikhin- aivanikhino4@kickstarter.com- F- Dental Hygienist- Dari- aivanikhino4
870 - Carina - Franciotti- cfranciottio5@newyorker.com- F- Compensation Analyst- Māori- cfranciottio5
871 - Claudelle - Labrum- clabrumo6@apple.com- F- Database Administrator IV- Czech- clabrumo6
872 - Lauraine - Orrick- lorricko7@mtv.com- F- Financial Advisor- Hungarian- lorricko7
873 - Meredith - Bastow- mbastowo8@godaddy.com- M- Programmer II- Guaraní- mbastowo8
874 - Chickie - Ugo- cugoo9@spotify.com- F- Mechanical Systems Engineer- French- cugoo9
875 - Fernandina - Rumbelow- frumbelowoa@xing.com- F- Structural Engineer- Hebrew- frumbelowoa
876 - Brad - Giraldo- bgiraldoob@washington.edu- M- Quality Control Specialist- Swedish- bgiraldoob
877 - Merv - Mournian- mmournianoc@vkontakte.ru- M- Clinical Specialist- Amharic- mmournianoc
878 - Brnaby - Benasik- bbenasikod@hubpages.com- M- VP Marketing- Māori- bbenasikod
879 - Germayne - Beaman- gbeamanoe@ucoz.com- M- Payment Adjustment Coordinator- Danish- gbeamanoe
880 - Myrta - Kidder- mkidderof@theatlantic.com- F- Speech Pathologist- Dzongkha- mkidderof
881 - Casi - Sprowell- csprowellog@canalblog.com- F- Graphic Designer- Burmese- csprowellog
882 - Kristen - Purvey- kpurveyoh@fda.gov- F- Human Resources Assistant II- Persian- kpurveyoh
883 - Nichole - Philimore- nphilimoreoi@craigslist.org- M- Geological Engineer- Moldovan- nphilimoreoi
884 - Lynelle - Klempke- lklempkeoj@newyorker.com- F- Structural Analysis Engineer- Moldovan- lklempkeoj
885 - Augustina - Bickerdicke- abickerdickeok@disqus.com- F- Tax Accountant- Malagasy- abickerdickeok
886 - Jackson - Conwell- jconwellol@cisco.com- M- Operator- Punjabi- jconwellol
887 - Jephthah - Stenett- jstenettom@nps.gov- M- Programmer III- Japanese- jstenettom
888 - Axe - Sabates- asabateson@mediafire.com- M- Analog Circuit Design manager- Assamese- asabateson
889 - Melisandra - Lenormand- mlenormandoo@mail.ru- F- Operator- Persian- mlenormandoo
890 - Cornelia - Chastaing- cchastaingop@biglobe.ne.jp- F- Cost Accountant- Korean- cchastaingop
891 - Earl - Horsley- ehorsleyoq@wiley.com- M- Financial Advisor- Amharic- ehorsleyoq
892 - Bianca - Endrizzi- bendrizzior@who.int- F- Systems Administrator III- Hungarian- bendrizzior
893 - Danya - Kovalski- dkovalskios@macromedia.com- M- Quality Engineer- Hiri Motu- dkovalskios
894 - Dee - Mitrovic- dmitrovicot@posterous.com- F- Assistant Media Planner- Bulgarian- dmitrovicot
895 - Paige - MacDermot- pmacdermotou@marriott.com- F- Graphic Designer- Tok Pisin- pmacdermotou
896 - Edd - Grishakin- egrishakinov@freewebs.com- M- Pharmacist- Irish Gaelic- egrishakinov
897 - Iorgo - Doeg- idoegow@blinklist.com- M- Junior Executive- Indonesian- idoegow
898 - Taite - Dundridge- tdundridgeox@newyorker.com- M- Registered Nurse- Telugu- tdundridgeox
899 - Gerladina - Soldan- gsoldanoy@bbb.org- F- Nurse Practicioner- Quechua- gsoldanoy
900 - Garrick - Tewes- gtewesoz@chron.com- M- Technical Writer- Dutch- gtewesoz
901 - Bud - Kundert- bkundertp0@weather.com- M- VP Quality Control- Georgian- bkundertp0
902 - Elvyn - Staley- estaleyp1@surveymonkey.com- M- GIS Technical Architect- Punjabi- estaleyp1
903 - Fred - Vertey- fverteyp2@fastcompany.com- F- Data Coordiator- Swedish- fverteyp2
904 - Hewett - Franzotto- hfranzottop3@goo.ne.jp- M- Graphic Designer- Bengali- hfranzottop3
905 - Ellwood - Leeuwerink- eleeuwerinkp4@wordpress.org- M- Financial Advisor- Danish- eleeuwerinkp4
906 - Abby - Opy- aopyp5@arizona.edu- M- Food Chemist- Haitian Creole- aopyp5
907 - Damien - Bettanay- dbettanayp6@example.com- M- Technical Writer- Haitian Creole- dbettanayp6
908 - Vania - MacAllaster- vmacallasterp7@bluehost.com- F- Financial Analyst- Burmese- vmacallasterp7
909 - Bobbye - Moyse- bmoysep8@mail.ru- F- Sales Representative- Marathi- bmoysep8
910 - Zacharie - Craxford- zcraxfordp9@cdbaby.com- M- VP Marketing- Somali- zcraxfordp9
911 - Celestine - Oliva- colivapa@youtube.com- F- VP Accounting- Guaraní- colivapa
912 - Bruis - Le Brum- blebrumpb@skype.com- M- Physical Therapy Assistant- Amharic- blebrumpb
913 - Gilles - Pauley- gpauleypc@wikipedia.org- M- Environmental Tech- Japanese- gpauleypc
914 - Mariska - Leeburne- mleeburnepd@discovery.com- F- Web Developer IV- Danish- mleeburnepd
915 - Daron - Phette- dphettepe@tumblr.com- F- Clinical Specialist- Dhivehi- dphettepe
916 - Fay - Melson- fmelsonpf@rakuten.co.jp- F- Registered Nurse- Haitian Creole- fmelsonpf
917 - Ingaborg - Laherty- ilahertypg@mapquest.com- F- Nurse Practicioner- Amharic- ilahertypg
918 - Kinna - Molloy- kmolloyph@dedecms.com- F- Geological Engineer- Oriya- kmolloyph
919 - Nate - Bengle- nbenglepi@vk.com- M- Office Assistant I- Hebrew- nbenglepi
920 - Shae - Gillebert- sgillebertpj@nymag.com- F- Assistant Professor- Japanese- sgillebertpj
921 - Arlee - Ollerhead- aollerheadpk@columbia.edu- F- VP Quality Control- Malagasy- aollerheadpk
922 - Logan - Bellerby- lbellerbypl@etsy.com- M- Office Assistant I- Swati- lbellerbypl
923 - Marne - Sydney- msydneypm@ihg.com- F- Account Executive- Czech- msydneypm
924 - Jami - Jewise- jjewisepn@umn.edu- F- Chief Design Engineer- Japanese- jjewisepn
925 - Bekki - Palke- bpalkepo@squarespace.com- F- Clinical Specialist- Chinese- bpalkepo
926 - Harmony - Hindhaugh- hhindhaughpp@topsy.com- F- Sales Representative- Kyrgyz- hhindhaughpp
927 - Kennith - Monckton- kmoncktonpq@facebook.com- M- Internal Auditor- Quechua- kmoncktonpq
928 - Udall - Keesman- ukeesmanpr@newyorker.com- M- Technical Writer- Burmese- ukeesmanpr
929 - Homere - Szubert- hszubertps@npr.org- M- Junior Executive- Yiddish- hszubertps
930 - Hugo - Maides- hmaidespt@seattletimes.com- M- Librarian- Chinese- hmaidespt
931 - Vaclav - Deverell- vdeverellpu@gizmodo.com- M- Analyst Programmer- Haitian Creole- vdeverellpu
932 - Burch - Kirlin- bkirlinpv@360.cn- M- Programmer Analyst IV- Romanian- bkirlinpv
933 - Vail - Reneke- vrenekepw@washingtonpost.com- M- Software Consultant- Estonian- vrenekepw
934 - Tobiah - Hof- thofpx@lulu.com- M- Senior Cost Accountant- Hebrew- thofpx
935 - Phoebe - Somers- psomerspy@unicef.org- F- Developer III- Māori- psomerspy
936 - Cathrine - Whanstall- cwhanstallpz@barnesandnoble.com- F- Marketing Assistant- Bosnian- cwhanstallpz
937 - Karmen - Walliker- kwallikerq0@time.com- F- Compensation Analyst- Tok Pisin- kwallikerq0
938 - Fee - Arkell- farkellq1@wp.com- M- Associate Professor- Kazakh- farkellq1
939 - Analiese - MacManus- amacmanusq2@unblog.fr- F- Structural Engineer- Marathi- amacmanusq2
940 - Margarethe - Talby- mtalbyq3@goo.ne.jp- F- Research Associate- Maltese- mtalbyq3
941 - Estrellita - Blowing- eblowingq4@histats.com- F- Safety Technician IV- Croatian- eblowingq4
942 - Sophie - Fawbert- sfawbertq5@pen.io- F- Senior Financial Analyst- Montenegrin- sfawbertq5
943 - Letty - Pavie- lpavieq6@nasa.gov- F- Payment Adjustment Coordinator- Georgian- lpavieq6
944 - Catherine - Thay- cthayq7@flickr.com- F- Editor- Azeri- cthayq7
945 - Hilliard - Dubock- hdubockq8@360.cn- M- Financial Advisor- Luxembourgish- hdubockq8
946 - Karlan - Yashin- kyashinq9@discuz.net- M- Editor- Fijian- kyashinq9
947 - Christi - Caso- ccasoqa@google.pl- F- Account Coordinator- Greek- ccasoqa
948 - Ricard - Bentke- rbentkeqb@nhs.uk- M- Programmer I- Kannada- rbentkeqb
949 - Prinz - Jacqueme- pjacquemeqc@cbslocal.com- M- Speech Pathologist- Punjabi- pjacquemeqc
950 - Cybil - Marks- cmarksqd@washington.edu- F- Account Executive- Northern Sotho- cmarksqd
951 - Keelia - Tear- ktearqe@storify.com- F- Chief Design Engineer- Assamese- ktearqe
952 - Carleen - Komorowski- ckomorowskiqf@jimdo.com- F- Legal Assistant- Tswana- ckomorowskiqf
953 - Kelsy - Flint- kflintqg@bbb.org- F- Internal Auditor- New Zealand Sign Language- kflintqg
954 - Darill - Kleeman- dkleemanqh@cbslocal.com- M- Staff Accountant II- Estonian- dkleemanqh
955 - Colleen - Judgkins- cjudgkinsqi@cnn.com- F- Associate Professor- Czech- cjudgkinsqi
956 - Evangelia - Spavins- espavinsqj@tripod.com- F- Research Nurse- Fijian- espavinsqj
957 - Haleigh - Will- hwillqk@ca.gov- M- Analog Circuit Design manager- Haitian Creole- hwillqk
958 - Rosabel - Andriss- randrissql@abc.net.au- F- Human Resources Manager- Kurdish- randrissql
959 - Robin - Tolliday- rtollidayqm@google.de- F- Recruiter- Oriya- rtollidayqm
960 - Abie - Coker- acokerqn@intel.com- M- Graphic Designer- Malayalam- acokerqn
961 - Koressa - Trays- ktraysqo@macromedia.com- F- Accounting Assistant IV- Hebrew- ktraysqo
962 - Shelbi - Mattioli- smattioliqp@dell.com- F- Electrical Engineer- Filipino- smattioliqp
963 - Tarra - Tenny- ttennyqq@networkadvertising.org- F- Statistician III- Macedonian- ttennyqq
964 - George - Mothersole- gmothersoleqr@reuters.com- M- Senior Quality Engineer- Pashto- gmothersoleqr
965 - Wilton - Palister- wpalisterqs@people.com.cn- M- Speech Pathologist- Oriya- wpalisterqs
966 - Amanda - Blaasch- ablaaschqt@yahoo.co.jp- F- Research Nurse- New Zealand Sign Language- ablaaschqt
967 - Drusi - Daniellot- ddaniellotqu@theatlantic.com- F- Design Engineer- Azeri- ddaniellotqu
968 - Ahmed - Bulleyn- abulleynqv@google.co.uk- M- Web Designer I- Swati- abulleynqv
969 - Thaddeus - Stadden- tstaddenqw@bing.com- M- Electrical Engineer- Georgian- tstaddenqw
970 - Ailina - Tarver- atarverqx@state.tx.us- F- Occupational Therapist- New Zealand Sign Language- atarverqx
971 - Sib - Jennrich- sjennrichqy@nps.gov- F- Account Coordinator- Yiddish- sjennrichqy
972 - Adina - MacBain- amacbainqz@chron.com- F- Senior Editor- Tswana- amacbainqz
973 - Patrica - Dilston- pdilstonr0@e-recht24.de- F- Clinical Specialist- Malay- pdilstonr0
974 - Nonah - Garstang- ngarstangr1@japanpost.jp- F- Registered Nurse- Italian- ngarstangr1
975 - Libbie - Traynor- ltraynorr2@go.com- F- Design Engineer- Filipino- ltraynorr2
976 - Veronike - Birwhistle- vbirwhistler3@paginegialle.it- F- Help Desk Technician- Afrikaans- vbirwhistler3
977 - Russ - MacKeller- rmackellerr4@t-online.de- M- Recruiter- Romanian- rmackellerr4
978 - Rakel - Mumm- rmummr5@thetimes.co.uk- F- Help Desk Technician- Afrikaans- rmummr5
979 - Gavra - L'Amie- glamier6@geocities.com- F- Data Coordiator- Kurdish- glamier6
980 - Gilbert - Tawn- gtawnr7@stumbleupon.com- M- Geologist IV- Kurdish- gtawnr7
981 - Cly - Dumpleton- cdumpletonr8@boston.com- M- Food Chemist- Lithuanian- cdumpletonr8
982 - Jorge - Petrasek- jpetrasekr9@blogs.com- M- Electrical Engineer- Northern Sotho- jpetrasekr9
983 - Zane - Gomez- zgomezra@list-manage.com- M- Business Systems Development Analyst- German- zgomezra
984 - Bendix - Suarez- bsuarezrb@taobao.com- M- Operator- Maltese- bsuarezrb
985 - Kiele - Ridoutt- kridouttrc@cnet.com- F- Accountant I- Tetum- kridouttrc
986 - Kelli - Undrill- kundrillrd@odnoklassniki.ru- F- Civil Engineer- Swahili- kundrillrd
987 - Dilly - Blankhorn- dblankhornre@webmd.com- M- Quality Control Specialist- Oriya- dblankhornre
988 - Lennie - Walburn- lwalburnrf@cisco.com- M- Financial Analyst- Kyrgyz- lwalburnrf
989 - Saleem - Karlik- skarlikrg@zdnet.com- M- Help Desk Operator- Afrikaans- skarlikrg
990 - Salomo - Schlagman- sschlagmanrh@wikipedia.org- M- Accounting Assistant III- Kashmiri- sschlagmanrh
991 - Faydra - Glasard- fglasardri@oaic.gov.au- F- Internal Auditor- Swahili- fglasardri
992 - Fernando - Kirdsch- fkirdschrj@imageshack.us- M- Recruiting Manager- Macedonian- fkirdschrj
993 - Aldwin - Semerad- asemeradrk@theguardian.com- M- Staff Scientist- Latvian- asemeradrk
994 - Krista - Kerslake- kkerslakerl@geocities.com- F- Quality Control Specialist- Azeri- kkerslakerl
995 - Concordia - Hansana- chansanarm@vistaprint.com- F- Administrative Assistant II- Tok Pisin- chansanarm
996 - Briny - Tresvina- btresvinarn@webnode.com- F- Operator- Estonian- btresvinarn
997 - Theobald - Swatten- tswattenro@yelp.com- M- Senior Financial Analyst- Moldovan- tswattenro
998 - Lilyan - Lorkin- llorkinrp@tinyurl.com- F- Professor- Portuguese- llorkinrp
999 - Derward - Bruff- dbruffrq@loc.gov- M- Accountant I- Kyrgyz- dbruffrq
1000 - Julia - Koppes- jkoppesrr@list-manage.com- F- Assistant Professor- Arabic- jkoppesrr